Urban,Name,Classic,Gender,Masculine,Mature,Refined,Strong
37,Liam,54,Masculine,93,41,63,72
36,William,76,Masculine,95,69,75,80
32,James,79,Masculine,93,70,74,83
39,Logan,38,Masculine,83,41,45,79
32,Benjamin,68,Masculine,94,59,70,70
42,Mason,44,Masculine,92,43,51,79
34,Elijah,72,Masculine,84,62,59,69
42,Oliver,79,Masculine,94,49,74,63
29,Jacob,55,Masculine,95,52,63,76
34,Lucas,42,Masculine,88,34,46,53
33,Michael,60,Masculine,95,54,69,77
39,Alexander,72,Masculine,96,64,69,81
37,Ethan,49,Masculine,93,49,67,76
34,Daniel,75,Masculine,91,60,68,74
34,Matthew,72,Masculine,93,60,66,77
46,Aiden,31,Masculine,87,31,52,66
60,Henry,77,Masculine,96,71,71,74
47,Joseph,52,Masculine,91,52,53,54
44,Jackson,47,Masculine,94,47,48,82
31,Samuel,82,Masculine,93,66,67,77
47,Sebastian,80,Masculine,96,66,77,76
36,David,68,Masculine,90,59,65,75
56,Carter,36,Masculine,88,45,53,80
32,Wyatt,62,Masculine,95,56,29,85
45,Jayden,24,Masculine,59,25,58,53
30,John,83,Masculine,95,76,60,85
33,Dylan,46,Masculine,75,41,61,68
38,Luke,63,Masculine,94,43,62,75
35,Gabriel,81,Masculine,92,60,76,73
44,Anthony,71,Masculine,94,67,67,78
40,Isaac,78,Masculine,95,62,68,83
46,Grayson,36,Masculine,89,49,54,75
38,Jack,67,Masculine,92,40,39,82
48,Julian,71,Masculine,86,55,77,66
41,Levi,65,Masculine,92,51,47,78
37,Christopher,68,Masculine,95,64,73,78
26,Joshua,57,Masculine,91,55,67,79
34,Andrew,63,Masculine,95,58,70,77
48,Lincoln,70,Masculine,94,81,65,86
48,Mateo,61,Masculine,97,49,57,83
42,Ryan,39,Masculine,82,38,52,77
69,Jaxon,17,Masculine,94,27,29,75
35,Nathan,56,Masculine,91,51,65,75
36,Aaron,69,Masculine,94,57,61,77
39,Isaiah,75,Masculine,94,65,68,78
32,Thomas,62,Masculine,95,57,70,74
36,Charles,85,Masculine,95,79,77,83
31,Caleb,73,Masculine,90,59,62,79
29,Josiah,59,Masculine,96,52,70,76
40,Christian,74,Masculine,89,65,69,77
31,Hunter,30,Masculine,86,38,25,88
33,Jonathan,72,Masculine,95,61,64,74
34,Connor,49,Masculine,91,51,61,77
41,Landon,46,Masculine,91,48,62,78
49,Adrian,67,Masculine,86,59,70,72
40,Asher,59,Masculine,88,47,60,74
37,Cameron,44,Masculine,72,44,64,75
48,Leo,70,Masculine,95,49,65,82
47,Theodore,88,Masculine,97,74,78,81
31,Jeremiah,76,Masculine,96,64,58,77
45,Hudson,45,Masculine,91,64,48,85
37,Robert,69,Masculine,91,63,64,71
59,Easton,33,Masculine,95,43,59,74
51,Nolan,54,Masculine,94,59,59,76
34,Nicholas,74,Masculine,95,66,75,84
37,Ezra,74,Masculine,84,62,67,73
39,Colton,42,Masculine,96,47,39,85
30,Angel,53,Masculine,37,37,75,51
67,Brayden,18,Masculine,89,21,35,63
44,Jordan,34,Masculine,65,35,52,79
46,Dominic,69,Masculine,96,59,65,77
41,Austin,42,Masculine,87,54,56,79
40,Ian,60,Masculine,94,52,71,76
25,Adam,71,Masculine,94,60,66,80
44,Elias,76,Masculine,94,57,73,72
79,Jaxson,8,Masculine,97,9,13,75
63,Greyson,37,Masculine,90,56,62,65
37,Ezekiel,79,Masculine,96,68,65,79
44,Carson,32,Masculine,82,45,53,80
39,Evan,52,Masculine,84,51,66,68
53,Maverick,35,Masculine,91,40,32,86
48,Bryson,25,Masculine,89,34,34,80
62,Jace,11,Masculine,89,12,43,77
45,Cooper,41,Masculine,92,41,48,72
62,Xavier,65,Masculine,96,64,64,80
59,Parker,31,Masculine,80,37,46,76
48,Roman,74,Masculine,95,69,59,83
39,Jason,52,Masculine,95,41,51,80
51,Santiago,71,Masculine,90,56,54,75
44,Chase,27,Masculine,88,36,40,82
34,Sawyer,47,Masculine,82,44,28,82
38,Gavin,62,Masculine,90,58,62,76
44,Leonardo,88,Masculine,97,78,79,81
69,Kayden,12,Masculine,73,14,59,58
46,Ayden,33,Masculine,88,23,53,60
55,Jameson,50,Masculine,86,65,73,85
39,Kevin,50,Masculine,93,45,60,74
71,Bentley,44,Masculine,86,49,59,61
50,Zachary,54,Masculine,91,49,56,78
44,Everett,80,Masculine,92,71,72,79
62,Axel,36,Masculine,95,37,33,86
39,Tyler,31,Masculine,80,31,40,73
35,Micah,64,Masculine,72,51,64,64
46,Vincent,82,Masculine,96,76,73,78
36,Weston,61,Masculine,93,59,44,82
50,Miles,57,Masculine,94,58,69,76
41,Wesley,73,Masculine,93,61,64,73
32,Nathaniel,71,Masculine,95,67,73,76
42,Harrison,65,Masculine,94,72,64,80
40,Brandon,42,Masculine,84,41,60,71
38,Cole,43,Masculine,92,55,54,79
30,Declan,52,Masculine,97,46,59,75
53,Luis,68,Masculine,93,60,58,78
77,Braxton,34,Masculine,92,50,47,82
52,Damian,67,Masculine,95,61,63,83
31,Silas,85,Masculine,92,71,67,72
36,Tristan,73,Masculine,84,51,65,71
63,Ryder,15,Masculine,93,14,12,81
46,Bennett,71,Masculine,91,61,74,76
29,George,72,Masculine,94,64,70,80
33,Emmett,73,Masculine,95,52,56,81
48,Justin,44,Masculine,91,42,60,78
53,Max,42,Masculine,86,34,47,81
51,Diego,59,Masculine,95,48,54,80
72,Ryker,8,Masculine,95,11,19,81
50,Carlos,64,Masculine,91,62,55,81
50,Maxwell,73,Masculine,92,65,69,79
80,Kingston,33,Masculine,100,53,53,87
30,Ivan,60,Masculine,78,65,40,60
64,Maddox,30,Masculine,89,38,39,85
45,Ashton,38,Masculine,67,41,54,75
57,Jayce,17,Masculine,87,20,20,67
25,Rowan,61,Masculine,61,50,66,70
65,Kaiden,21,Masculine,78,27,47,63
62,Giovanni,81,Masculine,93,67,73,82
43,Eric,73,Masculine,95,58,60,82
36,Jesus,81,Masculine,83,72,64,73
50,Calvin,73,Masculine,95,62,67,73
24,Abel,86,Masculine,91,61,59,76
69,King,43,Masculine,93,61,35,85
47,Camden,45,Masculine,85,48,62,80
47,Blake,56,Masculine,83,55,64,79
47,Alex,35,Masculine,65,30,57,74
50,Brody,30,Masculine,88,29,26,82
42,Malachi,69,Masculine,93,60,61,81
32,Emmanuel,87,Masculine,94,74,78,78
26,Jonah,59,Masculine,75,51,77,77
32,Beau,71,Masculine,84,51,71,71
44,Antonio,74,Masculine,92,66,62,78
41,Alan,72,Masculine,93,69,70,74
50,Elliott,64,Masculine,86,48,70,62
45,Elliot,67,Masculine,81,49,77,64
44,Waylon,67,Masculine,97,59,31,78
69,Xander,34,Masculine,95,41,48,80
27,Timothy,77,Masculine,95,61,70,69
57,Victor,83,Masculine,97,74,69,85
60,Bryce,31,Masculine,80,43,56,79
75,Brantley,17,Masculine,100,17,0,58
36,Edward,73,Masculine,96,66,74,77
23,Abraham,66,Masculine,97,65,74,83
31,Patrick,65,Masculine,92,59,68,82
43,Grant,73,Masculine,95,78,62,83
100,Karter,75,Masculine,100,75,75,88
41,Hayden,32,Masculine,72,34,58,73
32,Richard,66,Masculine,97,65,70,82
49,Miguel,67,Masculine,94,60,59,77
40,Joel,69,Masculine,93,55,65,75
40,Tucker,51,Masculine,94,38,31,81
53,Rhett,68,Masculine,93,62,49,78
39,Avery,49,Masculine,49,44,70,65
17,Steven,14,Masculine,95,89,81,83
40,Graham,76,Masculine,91,76,69,81
45,Kaleb,43,Masculine,96,49,45,79
36,Jasper,72,Masculine,87,52,63,71
41,Jesse,56,Masculine,81,37,48,73
52,Matteo,55,Masculine,93,44,64,69
41,Dean,61,Masculine,95,59,45,84
96,Zayden,0,Masculine,93,0,7,35
44,Preston,76,Masculine,96,77,78,79
32,August,81,Masculine,80,66,74,80
53,Oscar,78,Masculine,96,68,60,80
35,Jeremy,58,Masculine,94,46,61,77
48,Alejandro,67,Masculine,91,56,57,79
41,Marcus,78,Masculine,94,73,65,84
36,Dawson,46,Masculine,96,52,64,78
58,Lorenzo,74,Masculine,95,68,67,81
67,Messiah,44,Masculine,94,50,28,89
48,Zion,47,Masculine,77,61,65,80
51,Maximus,82,Masculine,95,74,55,85
21,River,35,Masculine,53,33,60,59
32,Mark,77,Masculine,97,71,67,87
48,Brooks,54,Masculine,84,60,53,83
38,Nicolas,65,Masculine,91,54,69,68
64,Paxton,25,Masculine,83,54,45,82
26,Judah,84,Masculine,96,65,56,82
47,Emiliano,80,Masculine,90,66,77,66
42,Kaden,30,Masculine,74,33,53,65
33,Bryan,52,Masculine,94,59,63,79
46,Kyle,30,Masculine,88,33,46,71
30,Peter,75,Masculine,96,59,68,78
24,Charlie,51,Masculine,64,33,66,56
58,Kyrie,8,Masculine,29,25,50,50
53,Thiago,38,Masculine,94,49,42,67
37,Brian,62,Masculine,95,61,59,79
42,Kenneth,78,Masculine,94,75,61,83
53,Andres,68,Masculine,93,70,51,78
39,Lukas,68,Masculine,93,45,67,74
34,Aidan,48,Masculine,87,47,66,73
83,Jax,0,Masculine,93,5,24,81
39,Caden,26,Masculine,74,33,64,63
48,Milo,58,Masculine,93,29,61,65
34,Paul,82,Masculine,95,73,67,80
48,Beckett,38,Masculine,83,58,67,87
46,Brady,34,Masculine,87,35,41,76
46,Bradley,50,Masculine,93,55,57,79
60,Javier,64,Masculine,97,64,62,82
65,Knox,47,Masculine,91,45,31,84
42,Jaden,25,Masculine,62,29,63,59
53,Barrett,59,Masculine,88,67,67,85
52,Israel,61,Masculine,90,61,49,62
43,Matias,64,Masculine,89,73,59,84
41,Jorge,57,Masculine,96,79,37,89
59,Zander,25,Masculine,82,34,47,74
48,Derek,56,Masculine,96,57,52,84
84,Cayden,11,Masculine,90,15,42,47
51,Holden,58,Masculine,97,55,63,82
36,Griffin,49,Masculine,95,49,62,69
55,Arthur,80,Masculine,97,72,73,78
51,Leon,71,Masculine,97,58,63,82
52,Felix,71,Masculine,93,40,71,73
50,Remington,50,Masculine,90,50,60,60
48,Jake,36,Masculine,92,28,44,77
45,Killian,56,Masculine,89,48,51,78
27,Clayton,66,Masculine,94,62,52,81
44,Sean,53,Masculine,91,48,57,78
44,Adriel,78,Masculine,94,50,67,44
35,Riley,36,Masculine,55,33,58,65
35,Archer,37,Masculine,96,33,30,86
58,Legend,8,Masculine,58,42,42,42
39,Erick,60,Masculine,97,58,50,81
64,Enzo,56,Masculine,96,34,57,81
40,Corbin,48,Masculine,90,50,56,78
63,Francisco,74,Masculine,92,66,69,79
47,Dallas,32,Masculine,73,44,38,85
35,Emilio,72,Masculine,96,65,63,75
92,Gunner,25,Masculine,100,33,17,100
64,Andre,49,Masculine,91,45,47,76
46,Walter,89,Masculine,97,83,74,85
52,Damien,69,Masculine,92,61,59,76
62,Chance,22,Masculine,82,25,41,67
42,Phoenix,41,Masculine,50,40,54,79
43,Tanner,27,Masculine,88,31,34,77
39,Stephen,50,Masculine,94,55,63,68
45,Kameron,10,Masculine,56,29,42,81
35,Tobias,76,Masculine,96,65,67,76
41,Manuel,77,Masculine,93,74,55,80
43,Emerson,52,Masculine,58,52,78,62
51,Louis,85,Masculine,96,65,72,71
31,Cody,29,Masculine,83,24,36,70
33,Finley,53,Masculine,65,31,66,57
54,Iker,29,Masculine,100,57,54,89
31,Martin,69,Masculine,96,62,71,79
43,Rafael,79,Masculine,92,57,56,76
49,Nash,38,Masculine,96,38,31,78
71,Cash,17,Masculine,94,44,25,78
50,Karson,67,Masculine,100,0,33,67
54,Rylan,22,Masculine,76,22,57,69
43,Reid,60,Masculine,90,57,57,73
57,Theo,66,Masculine,90,37,67,70
45,Eduardo,69,Masculine,92,65,65,79
54,Spencer,49,Masculine,81,54,69,76
48,Raymond,84,Masculine,97,82,69,87
79,Maximiliano,85,Masculine,98,81,62,94
52,Anderson,69,Masculine,93,78,61,82
32,Lane,44,Masculine,67,40,57,70
44,Cristian,51,Masculine,97,67,83,74
55,Titus,83,Masculine,95,70,59,84
39,Travis,57,Masculine,95,47,36,81
77,Jett,18,Masculine,90,31,33,88
48,Ricardo,61,Masculine,96,66,62,85
30,Bodhi,0,Masculine,90,70,70,90
40,Gideon,84,Masculine,93,66,67,83
55,Jaiden,23,Masculine,52,22,58,55
56,Fernando,78,Masculine,93,69,68,83
62,Mario,67,Masculine,94,44,52,84
40,Conor,55,Masculine,93,51,54,78
42,Keegan,36,Masculine,82,29,43,76
38,Walker,68,Masculine,95,69,52,85
46,Cohen,40,Masculine,91,50,44,83
42,Arlo,36,Masculine,86,28,59,73
44,Hector,84,Masculine,95,80,38,84
57,Dante,68,Masculine,94,62,59,75
52,Kyler,18,Masculine,77,24,51,76
35,Garrett,62,Masculine,92,61,41,82
38,Donovan,54,Masculine,97,57,65,76
48,Jeffrey,57,Masculine,96,54,56,74
70,Tyson,40,Masculine,89,43,35,80
100,Jase,17,Masculine,100,33,33,67
50,Desmond,79,Masculine,98,79,69,85
54,Caiden,32,Masculine,59,29,54,55
57,Gage,26,Masculine,89,41,28,79
35,Atlas,69,Masculine,90,65,62,78
45,Major,56,Masculine,97,72,36,95
44,Devin,38,Masculine,64,45,57,67
41,Edwin,82,Masculine,93,68,79,71
37,Angelo,76,Masculine,96,65,76,76
35,Orion,72,Masculine,93,66,67,83
35,Conner,38,Masculine,84,33,41,73
48,Julius,84,Masculine,93,72,77,80
55,Marco,74,Masculine,96,51,61,85
19,Jensen,69,Masculine,100,88,63,94
100,Daxton,0,Masculine,100,0,17,50
40,Peyton,32,Masculine,35,39,67,62
57,Zayn,32,Masculine,74,29,61,75
39,Collin,63,Masculine,94,50,71,73
60,Jaylen,20,Masculine,59,18,45,49
28,Dakota,27,Masculine,56,33,42,77
74,Prince,49,Masculine,91,41,61,58
43,Johnny,71,Masculine,91,32,38,80
55,Cruz,45,Masculine,70,58,51,82
50,Atticus,82,Masculine,97,81,71,80
39,Troy,66,Masculine,90,49,43,82
55,Kane,41,Masculine,99,54,44,86
54,Edgar,86,Masculine,97,84,70,82
40,Sergio,46,Masculine,94,55,46,65
90,Kash,60,Masculine,90,40,40,80
54,Marshall,60,Masculine,94,76,57,87
33,Johnathan,76,Masculine,89,64,63,76
43,Romeo,87,Masculine,97,34,78,70
39,Shane,58,Masculine,92,42,51,78
43,Warren,79,Masculine,93,79,62,87
42,Wade,51,Masculine,94,48,57,79
40,Trevor,49,Masculine,91,60,53,78
53,Dominick,64,Masculine,85,63,50,85
46,Muhammad,75,Masculine,82,75,47,70
45,Erik,71,Masculine,94,69,57,82
32,Odin,83,Masculine,96,77,44,88
49,Quinn,44,Masculine,58,43,63,69
44,Dalton,55,Masculine,97,64,48,79
27,Nehemiah,79,Masculine,81,73,56,77
43,Grady,61,Masculine,93,55,39,82
45,Gregory,84,Masculine,95,78,71,81
38,Andy,37,Masculine,84,19,57,67
48,Solomon,85,Masculine,96,85,71,81
43,Rory,51,Masculine,70,29,43,70
40,Clark,80,Masculine,92,76,71,83
37,Reed,57,Masculine,80,59,57,75
41,Harvey,77,Masculine,97,70,49,82
45,Jared,52,Masculine,95,52,50,80
45,Noel,66,Masculine,60,43,70,48
43,Shawn,39,Masculine,83,50,47,74
52,Fabian,76,Masculine,91,64,78,72
38,Ibrahim,78,Masculine,90,78,72,77
42,Adonis,87,Masculine,94,53,69,68
36,Ismael,66,Masculine,90,65,65,78
42,Pedro,73,Masculine,92,55,31,84
27,Leland,57,Masculine,91,58,71,78
47,Malakai,38,Masculine,86,49,60,78
45,Malcolm,82,Masculine,96,77,65,85
40,Alexis,42,Masculine,18,39,72,54
50,Porter,50,Masculine,91,52,67,87
43,Sullivan,54,Masculine,93,60,67,84
45,Raiden,39,Masculine,88,49,45,89
45,Allen,76,Masculine,90,68,65,72
36,Russell,68,Masculine,95,65,53,85
46,Winston,83,Masculine,97,81,78,79
45,Kendrick,74,Masculine,88,65,68,90
51,Roberto,63,Masculine,87,68,54,76
58,Lennox,54,Masculine,78,66,67,80
36,Finnegan,78,Masculine,96,67,53,79
53,Nasir,83,Masculine,89,78,73,80
46,Kade,28,Masculine,83,34,45,83
50,Nico,55,Masculine,70,36,60,59
46,Emanuel,79,Masculine,91,73,80,70
71,Landen,23,Masculine,100,29,73,71
44,Ruben,67,Masculine,92,52,70,80
49,Hugo,71,Masculine,77,55,56,68
46,Khalil,66,Masculine,91,54,69,79
54,Augustus,86,Masculine,92,81,68,84
42,Marcos,73,Masculine,95,68,57,73
36,Philip,86,Masculine,95,74,78,74
35,Phillip,79,Masculine,88,70,68,78
42,Cyrus,80,Masculine,95,68,66,84
40,Esteban,69,Masculine,89,70,58,83
35,Albert,63,Masculine,97,62,74,78
30,Bruce,80,Masculine,95,82,42,86
54,Lawson,62,Masculine,89,62,47,83
48,Jamison,49,Masculine,84,58,61,75
37,Sterling,66,Masculine,72,58,80,76
45,Damon,68,Masculine,96,64,51,82
35,Gunnar,71,Masculine,96,64,28,90
46,Luka,65,Masculine,30,55,68,44
58,Franklin,82,Masculine,97,79,70,76
54,Ezequiel,70,Masculine,89,65,43,76
42,Pablo,71,Masculine,92,70,44,72
53,Derrick,53,Masculine,96,52,44,86
28,Zachariah,81,Masculine,93,77,68,81
59,Cade,33,Masculine,90,39,45,79
70,Dexter,39,Masculine,92,54,61,74
42,Hank,69,Masculine,79,62,29,78
56,Tate,36,Masculine,81,35,55,76
66,Trenton,40,Masculine,96,37,46,85
44,Drew,38,Masculine,64,40,56,70
73,Mohamed,78,Masculine,86,76,25,65
77,Dax,15,Masculine,89,21,30,87
56,Rocco,64,Masculine,95,39,26,89
44,Mathias,71,Masculine,95,53,68,76
39,Ronald,82,Masculine,94,81,66,83
40,Francis,87,Masculine,84,81,79,68
37,Matthias,79,Masculine,96,68,65,76
49,Milan,52,Masculine,75,48,74,59
43,Maximilian,60,Masculine,92,56,61,70
41,Royce,75,Masculine,94,73,74,73
29,Skyler,30,Masculine,42,32,66,59
49,Corey,29,Masculine,85,36,53,73
46,Drake,53,Masculine,94,60,50,83
48,Gerardo,69,Masculine,100,88,27,90
63,Jayson,23,Masculine,95,34,43,78
20,Sage,40,Masculine,40,43,66,69
81,Braylon,31,Masculine,81,14,25,69
43,Benson,51,Masculine,94,51,58,57
31,Moses,90,Masculine,96,85,59,89
40,Rhys,68,Masculine,87,51,60,75
52,Otto,84,Masculine,96,58,45,83
21,Oakley,43,Masculine,64,21,36,50
48,Armando,70,Masculine,95,73,61,85
92,Nixon,50,Masculine,100,67,17,83
40,Saul,87,Masculine,94,78,55,80
33,Scott,62,Masculine,94,51,46,83
27,Ariel,69,Masculine,33,32,77,46
50,Enrique,62,Masculine,93,55,55,75
77,Donald,38,Masculine,46,35,24,34
58,Chandler,43,Masculine,72,53,72,66
34,Asa,78,Masculine,75,66,70,75
28,Eden,53,Masculine,24,38,77,50
44,Davis,70,Masculine,83,70,70,84
35,Keith,73,Masculine,96,66,49,84
43,Frederick,84,Masculine,95,81,72,84
49,Lawrence,85,Masculine,94,80,79,75
44,Leonidas,84,Masculine,95,78,58,85
48,Aden,34,Masculine,88,33,47,68
43,Julio,70,Masculine,86,32,66,76
59,Darius,77,Masculine,95,69,63,85
42,Johan,75,Masculine,92,70,72,67
46,Deacon,52,Masculine,97,53,58,81
60,Cason,30,Masculine,100,20,10,80
44,Danny,46,Masculine,87,27,54,67
49,Nikolai,77,Masculine,91,61,60,75
36,Taylor,32,Masculine,43,33,60,68
55,Alec,59,Masculine,92,54,59,78
63,Royal,53,Masculine,83,60,70,76
41,Kieran,55,Masculine,81,42,67,76
40,Luciano,91,Masculine,96,77,76,79
75,Rodrigo,66,Masculine,94,62,41,88
43,Arjun,49,Masculine,91,43,71,74
38,Ahmed,58,Masculine,94,56,44,61
34,Brendan,55,Masculine,95,51,68,78
53,Cullen,57,Masculine,94,56,64,74
53,Raul,72,Masculine,97,67,52,76
49,Raphael,83,Masculine,90,64,73,70
54,Brock,38,Masculine,96,57,29,89
60,Pierce,66,Masculine,92,74,67,84
70,Alonzo,71,Masculine,96,75,54,84
41,Casey,36,Masculine,50,25,55,71
55,Dillon,32,Masculine,85,39,43,75
29,Uriel,85,Masculine,76,58,66,63
47,Dustin,34,Masculine,89,41,40,78
59,Gianni,58,Masculine,94,46,54,71
35,Roland,88,Masculine,98,76,69,88
60,Dorian,77,Masculine,84,49,82,64
41,Apollo,85,Masculine,93,62,70,82
34,Roy,72,Masculine,93,71,47,82
62,Duke,66,Masculine,98,66,49,88
59,Quentin,67,Masculine,94,60,70,75
39,Lewis,70,Masculine,92,61,70,70
66,Tony,49,Masculine,92,44,51,83
22,Uriah,82,Masculine,83,66,54,73
36,Dennis,69,Masculine,95,53,58,77
40,Moshe,67,Masculine,78,50,49,60
33,Isaias,77,Masculine,94,77,75,87
52,Braden,38,Masculine,92,44,51,74
57,Quinton,36,Masculine,92,47,65,57
36,Mathew,56,Masculine,86,39,50,74
49,Niko,32,Masculine,88,18,49,65
41,Edison,56,Masculine,92,59,74,84
32,Jerry,64,Masculine,83,47,53,75
53,Gustavo,71,Masculine,94,67,53,81
55,Marvin,62,Masculine,92,60,54,67
48,Mauricio,74,Masculine,87,65,57,70
52,Ahmad,69,Masculine,96,64,39,62
50,Mohammad,74,Masculine,74,72,50,70
44,Justice,52,Masculine,49,58,63,80
67,Trey,22,Masculine,91,34,29,75
42,Elian,38,Masculine,77,42,73,50
67,Mohammed,81,Masculine,75,82,27,68
40,Yusuf,65,Masculine,83,69,48,70
41,Arturo,77,Masculine,96,73,54,82
50,Rayan,65,Masculine,70,50,55,70
47,Keaton,41,Masculine,91,52,60,71
66,Conrad,79,Masculine,97,54,75,81
38,Colby,36,Masculine,74,38,57,63
62,Bryant,60,Masculine,95,60,61,84
51,Lucian,86,Masculine,93,76,78,72
48,Alfredo,78,Masculine,94,80,61,75
62,Cassius,87,Masculine,96,76,53,85
53,Marcelo,70,Masculine,93,66,64,63
41,Nikolas,73,Masculine,95,70,62,83
39,Brennan,49,Masculine,90,49,62,74
46,Darren,41,Masculine,94,45,63,81
39,Jimmy,49,Masculine,81,23,42,59
43,Lionel,82,Masculine,94,66,80,80
51,Reece,36,Masculine,74,44,57,68
42,Ty,31,Masculine,88,36,45,77
33,Chris,39,Masculine,79,40,55,77
25,Forrest,64,Masculine,92,61,51,80
73,Korbin,24,Masculine,91,42,55,76
56,Tatum,31,Feminine,38,32,58,73
71,Jalen,16,Masculine,78,27,48,74
55,Santino,68,Masculine,98,70,48,90
55,Leonard,89,Masculine,97,86,70,79
49,Alvin,73,Masculine,94,50,61,72
44,Issac,70,Masculine,94,65,57,79
59,Quincy,61,Masculine,66,47,73,60
28,Samson,82,Masculine,95,66,50,80
60,Rex,63,Masculine,97,55,38,91
51,Alberto,68,Masculine,95,74,68,80
38,Callum,60,Masculine,96,49,58,75
51,Curtis,60,Masculine,88,61,50,75
31,Hezekiah,91,Masculine,86,77,38,86
64,Zeke,30,Masculine,91,28,29,79
46,Neil,74,Masculine,95,72,65,75
44,Julien,60,Masculine,91,52,68,61
36,Devon,42,Masculine,58,46,62,66
37,Roger,79,Masculine,94,77,54,83
58,Carl,69,Masculine,96,63,55,77
39,Douglas,83,Masculine,97,80,68,88
37,Larry,69,Masculine,93,54,45,71
33,Fletcher,65,Masculine,94,59,59,74
56,Nelson,75,Masculine,96,74,66,75
41,Hamza,67,Masculine,87,67,42,86
42,Lance,67,Masculine,94,59,66,84
36,Alden,74,Masculine,87,73,76,78
33,Gary,66,Masculine,94,66,57,83
52,Wilson,82,Masculine,90,84,72,75
54,Alessandro,72,Masculine,95,55,69,75
50,Ares,77,Masculine,93,63,31,85
46,Bruno,72,Masculine,98,60,39,87
39,Jakob,63,Masculine,94,46,55,85
56,Zain,35,Masculine,88,23,52,83
67,Cairo,29,Masculine,78,41,48,80
24,Nathanael,70,Masculine,98,67,73,75
41,Byron,80,Masculine,93,59,69,77
40,Harry,74,Masculine,94,52,56,80
62,Harley,28,Masculine,52,25,28,79
54,Mitchell,53,Masculine,90,57,61,75
48,Maurice,78,Masculine,90,78,71,71
63,Orlando,70,Masculine,96,52,65,83
58,Kingsley,62,Masculine,78,55,66,74
49,Trent,53,Masculine,93,56,53,84
56,Ramon,72,Masculine,98,78,56,85
29,Noe,93,Masculine,86,71,64,64
33,Randy,48,Masculine,89,44,42,78
33,Thaddeus,89,Masculine,98,82,71,85
64,Lennon,28,Masculine,83,42,65,70
48,Tristen,39,Masculine,68,33,54,55
57,Valentino,81,Masculine,94,64,82,67
41,Salvador,78,Masculine,96,82,56,91
39,Kristopher,56,Masculine,94,65,69,81
30,Yosef,77,Masculine,93,66,48,77
34,Lee,64,Masculine,70,48,55,75
84,Deandre,25,Masculine,79,36,31,76
43,Joe,62,Masculine,90,50,40,80
53,Colten,23,Masculine,97,32,30,82
39,Reese,45,Masculine,38,40,67,59
43,Jedidiah,84,Masculine,94,66,61,76
48,Ricky,32,Masculine,92,21,36,76
52,Eddie,55,Masculine,86,36,42,62
48,Jefferson,78,Masculine,93,79,68,83
28,Lachlan,56,Masculine,94,51,64,79
39,Layne,30,Masculine,52,53,58,63
29,Clay,53,Masculine,94,48,39,79
35,Tomas,72,Masculine,94,53,55,79
52,Kareem,55,Masculine,79,50,50,62
33,Stanley,62,Masculine,80,58,49,55
100,Brayan,50,Masculine,83,33,33,67
32,Amos,88,Masculine,96,78,47,82
47,Kristian,66,Masculine,78,44,59,69
45,Clyde,81,Masculine,94,64,54,80
32,Ernesto,86,Masculine,97,83,69,85
31,Tommy,55,Masculine,90,22,50,69
55,Ford,59,Masculine,94,68,51,84
34,Hassan,79,Masculine,90,55,64,78
48,Leandro,65,Masculine,95,50,65,79
51,Magnus,78,Masculine,96,73,55,86
42,Abdullah,71,Masculine,90,68,47,75
63,Yousef,69,Masculine,91,39,44,80
51,Branson,34,Masculine,86,55,39,83
34,Layton,41,Masculine,91,59,44,78
37,Grey,43,Masculine,76,76,62,75
51,Kelvin,61,Masculine,96,66,63,80
38,Chaim,55,Masculine,97,47,48,60
43,Demetrius,82,Masculine,96,74,68,86
53,Blaine,42,Masculine,84,53,70,76
52,Melvin,66,Masculine,89,58,62,52
65,Anakin,17,Masculine,91,33,37,77
50,Aryan,71,Masculine,79,46,54,71
51,Canaan,49,Masculine,85,59,54,70
46,Zechariah,75,Masculine,91,71,55,77
69,Alonso,69,Masculine,95,65,69,81
44,Otis,74,Masculine,97,62,32,74
53,Marcel,74,Masculine,92,59,68,62
48,Brett,39,Masculine,88,39,42,79
40,Stefan,71,Masculine,96,64,68,73
61,Aldo,80,Masculine,91,67,55,68
42,Jeffery,63,Masculine,95,44,62,77
25,Talon,33,Masculine,82,44,31,86
54,Dominik,69,Masculine,94,51,57,69
42,Flynn,45,Masculine,87,30,51,73
71,Carmelo,60,Masculine,94,60,60,73
47,Dane,52,Masculine,93,55,58,85
46,Jamal,29,Masculine,89,33,42,84
37,Kole,23,Masculine,89,30,26,84
37,Enoch,86,Masculine,96,78,54,81
55,Vicente,93,Masculine,100,82,73,75
56,Ray,50,Masculine,85,51,47,78
24,Fox,45,Masculine,84,37,57,84
34,Jamie,38,Masculine,43,27,65,64
61,Zaid,59,Masculine,86,43,55,82
53,Allan,72,Masculine,94,70,68,68
41,Emery,54,Masculine,49,43,75,53
48,Rodney,68,Masculine,94,64,57,79
44,Sonny,39,Masculine,89,15,49,60
48,Terrance,63,Masculine,95,81,53,78
48,Cory,32,Masculine,83,26,57,71
49,Felipe,72,Masculine,96,51,62,64
44,Aron,55,Masculine,84,60,60,47
38,Harlan,67,Masculine,90,73,53,87
35,Marc,66,Masculine,95,58,56,74
32,Bobby,62,Masculine,82,25,30,74
33,Joey,49,Masculine,88,45,65,70
45,Anson,67,Masculine,92,60,61,75
67,Marlon,37,Masculine,91,55,43,80
36,Anders,71,Masculine,89,56,53,75
51,Guillermo,77,Masculine,97,72,56,78
42,Payton,29,Masculine,36,37,66,63
41,Azariah,78,Masculine,78,76,74,76
43,Harold,89,Masculine,96,85,59,86
46,Harper,47,Masculine,42,39,53,65
39,Henrik,77,Masculine,91,73,55,84
30,Willie,62,Masculine,74,41,32,62
40,Elisha,67,Masculine,59,51,78,67
44,Emory,58,Masculine,69,53,78,61
36,Skylar,28,Masculine,34,31,68,64
55,Alfonso,78,Masculine,97,77,62,82
43,Toby,50,Masculine,86,22,53,68
58,Blaze,16,Masculine,70,23,37,76
47,Eugene,78,Masculine,92,73,71,63
27,Shiloh,58,Masculine,49,32,68,52
41,Wayne,62,Masculine,95,62,52,85
44,Darian,51,Masculine,69,52,73,73
34,Gordon,75,Masculine,97,80,61,88
70,London,30,Masculine,50,35,72,63
73,Jermaine,40,Masculine,84,45,42,74
36,Denver,38,Masculine,89,45,42,84
46,Gerald,87,Masculine,96,85,68,81
53,Merrick,56,Masculine,92,55,48,74
50,Musa,74,Masculine,65,76,33,72
48,Vincenzo,73,Masculine,96,69,57,79
60,Kody,19,Masculine,79,25,36,66
44,Brodie,23,Masculine,70,25,46,79
50,Trace,31,Masculine,88,22,50,80
43,Darwin,71,Masculine,93,76,76,74
78,Tadeo,56,Masculine,94,39,61,67
47,Billy,72,Masculine,89,45,53,77
42,Hugh,83,Masculine,96,75,67,78
49,Reginald,83,Masculine,94,83,71,83
58,Vance,40,Masculine,94,62,43,79
44,Cain,77,Masculine,94,70,40,83
61,Dayton,34,Masculine,90,61,64,76
36,Terrence,66,Masculine,91,66,61,73
45,Rene,55,Masculine,41,50,64,55
29,Westley,60,Masculine,89,45,71,76
75,Cristiano,75,Masculine,100,42,72,75
44,Eliseo,88,Masculine,97,72,72,75
27,Ephraim,87,Masculine,96,73,68,74
48,Adrien,62,Masculine,85,59,78,67
57,Jerome,73,Masculine,95,75,69,80
43,Khalid,78,Masculine,93,66,37,83
27,Mayson,45,Masculine,73,45,43,68
44,Alfred,83,Masculine,95,78,70,80
37,Duncan,82,Masculine,97,62,53,82
56,Junior,54,Masculine,92,16,29,63
53,Kendall,29,Masculine,36,47,62,68
52,Zavier,38,Masculine,92,50,29,85
28,Caspian,76,Masculine,92,60,74,78
66,Maxim,54,Masculine,94,56,61,83
49,Zackary,41,Masculine,93,43,34,79
43,Rudy,43,Masculine,78,28,31,79
51,Coleman,54,Masculine,93,60,57,81
58,Dario,71,Masculine,95,56,61,83
24,Briar,59,Masculine,41,45,52,69
31,Rogelio,81,Masculine,100,76,54,93
64,Terrell,42,Masculine,93,49,53,78
37,Heath,61,Masculine,88,57,48,81
46,Micheal,61,Masculine,88,58,52,72
58,Draven,33,Masculine,95,51,50,78
81,Xzavier,31,Masculine,93,58,35,78
44,Darrell,60,Masculine,89,65,41,82
32,Keanu,29,Masculine,88,36,64,75
49,Ronnie,47,Masculine,68,35,40,71
54,Konnor,22,Masculine,80,20,24,48
37,Will,60,Masculine,87,43,64,72
68,Frankie,34,Masculine,55,18,51,64
48,Kamryn,25,Feminine,12,29,62,52
38,Salvatore,86,Masculine,98,83,61,91
56,Shaun,38,Masculine,95,53,46,81
42,Coen,33,Masculine,83,75,67,67
54,Leighton,44,Masculine,65,47,79,72
37,Mustafa,87,Masculine,98,81,68,81
42,Reuben,71,Masculine,97,66,52,79
60,Blaise,61,Masculine,74,52,62,68
49,Dimitri,68,Masculine,91,56,56,73
35,Keenan,41,Masculine,86,45,51,78
60,Van,43,Masculine,97,50,43,80
36,Achilles,86,Masculine,96,62,54,85
67,Channing,27,Masculine,61,39,62,80
38,Benton,80,Masculine,96,83,63,87
38,Lamar,47,Masculine,87,67,62,80
50,Nova,29,Feminine,14,28,63,65
48,Yahya,72,Masculine,80,50,42,60
67,Ulises,75,Masculine,94,61,50,64
45,Valentin,86,Masculine,87,66,69,63
53,Alistair,83,Masculine,94,79,81,72
67,Kaiser,61,Masculine,98,72,50,91
56,Leroy,72,Masculine,93,57,42,84
72,Zayd,22,Masculine,93,44,39,83
39,Camilo,72,Masculine,92,56,61,47
41,Markus,66,Masculine,93,65,53,84
53,Dwayne,52,Masculine,95,61,32,83
17,Koa,39,Masculine,72,11,39,83
25,Yehuda,75,Masculine,100,75,38,75
41,Lyric,30,Feminine,26,30,73,44
45,Bridger,50,Masculine,88,64,26,78
39,Emmet,61,Masculine,94,52,54,83
34,Marley,40,Feminine,41,30,59,62
45,Mike,36,Masculine,86,37,39,78
56,Nickolas,58,Masculine,92,62,73,71
39,Kenny,52,Masculine,89,29,58,71
29,Leif,78,Masculine,94,62,45,81
59,Ignacio,82,Masculine,96,75,66,85
49,Rocky,28,Masculine,91,33,14,89
52,Chad,34,Masculine,93,37,41,78
45,Randall,66,Masculine,96,75,60,83
45,Vaughn,61,Masculine,88,72,56,79
39,Louie,78,Masculine,95,31,55,72
53,Shmuel,84,Masculine,91,91,34,75
50,Zahir,66,Masculine,88,53,67,88
36,Ernest,89,Masculine,96,86,75,81
43,Reagan,38,Masculine,31,49,63,73
60,Avi,66,Masculine,78,39,70,63
45,Simeon,80,Masculine,92,70,75,80
25,Jeremias,75,Masculine,93,43,68,75
70,Rashad,48,Masculine,93,64,57,91
52,Santos,79,Masculine,90,69,63,92
46,Cedric,79,Masculine,97,68,68,80
44,Craig,68,Masculine,93,67,44,78
50,Dominique,68,Masculine,23,55,75,60
69,Gianluca,33,Masculine,88,35,60,67
57,Bishop,77,Masculine,93,83,75,85
32,Brenden,50,Masculine,93,59,69,78
50,Anton,75,Masculine,93,62,67,76
68,Camron,24,Masculine,80,35,56,71
56,Giancarlo,68,Masculine,92,68,48,74
41,Lyle,76,Masculine,93,71,71,68
38,Alaric,78,Masculine,95,80,60,82
48,Eliezer,79,Masculine,93,81,60,74
52,Ramiro,78,Masculine,97,74,54,83
36,Howard,84,Masculine,95,85,64,86
80,Jaxx,15,Masculine,95,20,10,40
28,Emma,74,Feminine,5,42,79,49
30,Olivia,72,Feminine,4,48,81,49
39,Isabella,75,Feminine,4,45,84,42
34,Sophia,79,Feminine,4,55,79,49
33,Mia,44,Feminine,4,33,75,43
29,Charlotte,76,Feminine,4,59,83,48
29,Amelia,68,Feminine,3,49,81,49
30,Evelyn,74,Masculine,5,63,84,50
26,Abigail,72,Feminine,6,57,78,55
24,Emily,68,Feminine,5,40,78,43
28,Elizabeth,85,Feminine,4,75,84,59
39,Sofia,74,Feminine,4,47,74,50
57,Madison,27,Masculine,38,29,50,62
39,Scarlett,66,Feminine,4,48,75,65
32,Victoria,78,Feminine,3,70,82,65
24,Grace,74,Feminine,3,51,83,43
36,Chloe,44,Feminine,8,34,72,39
39,Camila,59,Feminine,3,30,69,38
34,Penelope,87,Feminine,2,49,85,46
30,Layla,50,Feminine,3,32,76,46
28,Lillian,81,Feminine,3,62,85,41
38,Zoey,27,Feminine,7,27,69,49
37,Mila,47,Feminine,1,34,74,39
46,Aubrey,61,Masculine,42,48,73,59
25,Hannah,62,Feminine,3,46,74,48
18,Lily,64,Feminine,2,34,78,32
58,Addison,35,Masculine,47,45,58,67
44,Eleanor,88,Feminine,3,63,84,68
32,Natalie,51,Feminine,2,52,72,47
26,Luna,57,Feminine,3,28,80,40
27,Savannah,53,Feminine,4,45,72,50
45,Brooklyn,32,Feminine,21,31,65,63
26,Leah,65,Feminine,5,51,76,52
41,Zoe,43,Feminine,5,21,71,61
19,Hazel,69,Feminine,5,50,74,53
30,Ellie,50,Feminine,6,24,75,46
49,Paisley,20,Feminine,21,18,51,31
40,Audrey,79,Feminine,4,57,78,55
24,Violet,65,Feminine,2,47,82,40
32,Claire,79,Feminine,4,52,84,43
31,Bella,63,Feminine,11,31,68,32
24,Aurora,77,Feminine,2,47,82,43
24,Lucy,81,Feminine,4,32,81,42
42,Anna,78,Feminine,3,51,79,57
34,Samantha,69,Feminine,6,52,76,56
30,Caroline,84,Feminine,4,60,83,57
38,Genesis,35,Feminine,27,37,64,66
38,Aaliyah,39,Feminine,4,39,74,51
46,Kennedy,42,Masculine,38,51,67,70
70,Kinsley,11,Feminine,36,7,38,41
35,Allison,64,Feminine,5,54,78,57
23,Sarah,71,Feminine,5,52,75,51
38,Madelyn,52,Feminine,5,37,74,49
29,Adeline,86,Feminine,3,51,81,39
41,Alexa,34,Feminine,4,28,67,57
40,Ariana,47,Feminine,2,42,78,43
32,Elena,76,Feminine,3,53,81,50
42,Gabriella,59,Feminine,2,46,78,54
25,Alice,75,Feminine,3,46,80,40
28,Sadie,64,Feminine,3,24,64,55
31,Hailey,30,Feminine,8,27,67,50
25,Eva,65,Feminine,2,51,79,53
33,Emilia,68,Feminine,3,49,79,48
11,Autumn,51,Feminine,12,45,76,56
59,Nevaeh,19,Feminine,11,20,48,39
47,Piper,32,Feminine,20,17,54,63
25,Ruby,69,Feminine,7,33,74,62
27,Serenity,47,Feminine,4,42,76,39
17,Willow,48,Feminine,11,32,78,45
73,Everly,13,Feminine,20,13,53,43
32,Cora,74,Feminine,2,49,77,58
29,Kaylee,25,Feminine,4,26,66,47
27,Lydia,79,Feminine,2,35,79,34
53,Aubree,24,Feminine,13,23,51,54
30,Arianna,51,Feminine,4,40,83,44
30,Melanie,65,Feminine,6,45,78,51
41,Gianna,66,Feminine,2,44,69,63
35,Isabelle,69,Feminine,3,50,81,45
35,Julia,77,Feminine,5,44,76,52
42,Valentina,54,Feminine,2,35,84,45
34,Clara,61,Feminine,2,47,79,48
43,Vivian,77,Masculine,17,56,83,61
56,Mackenzie,28,Masculine,40,25,46,68
29,Madeline,80,Feminine,2,54,83,46
46,Brielle,27,Feminine,6,23,76,35
31,Delilah,68,Feminine,2,50,80,42
27,Isla,53,Feminine,2,43,81,45
34,Rylee,28,Feminine,14,28,66,53
27,Katherine,87,Feminine,4,78,88,68
35,Sophie,66,Feminine,4,35,77,37
36,Josephine,88,Feminine,2,72,83,59
22,Ivy,64,Feminine,5,45,73,52
32,Liliana,54,Feminine,2,47,79,37
36,Jade,36,Masculine,12,39,68,65
22,Maria,79,Masculine,5,60,78,50
39,Hadley,47,Masculine,36,42,57,72
34,Kylie,21,Feminine,6,24,64,47
52,Adalynn,30,Feminine,2,24,54,44
35,Natalia,53,Feminine,2,50,79,52
22,Annabelle,68,Feminine,1,46,81,40
20,Faith,62,Feminine,4,37,79,53
42,Alexandra,78,Feminine,6,68,75,73
36,Ximena,41,Feminine,5,46,65,54
32,Ashley,41,Masculine,23,33,70,47
33,Brianna,34,Feminine,5,27,69,64
71,Raelynn,4,Feminine,4,17,29,21
30,Bailey,32,Masculine,34,31,60,60
19,Mary,78,Feminine,4,64,82,50
38,Athena,79,Feminine,2,71,79,76
18,Leilani,47,Masculine,5,21,81,36
27,Jasmine,52,Feminine,5,26,76,35
27,Lyla,36,Feminine,0,24,85,34
35,Margaret,90,Feminine,5,82,82,69
32,Alyssa,37,Feminine,3,36,77,46
48,Adalyn,38,Feminine,2,25,65,46
35,Arya,50,Masculine,20,34,65,74
59,Khloe,19,Feminine,8,25,40,48
31,Kayla,33,Feminine,7,30,69,47
38,Eliza,73,Feminine,3,51,76,54
17,Rose,72,Feminine,2,53,82,44
23,Melody,53,Feminine,3,34,81,35
26,Isabel,71,Feminine,3,51,80,51
42,Sydney,36,Masculine,19,30,66,67
42,Juliana,72,Feminine,3,43,81,50
33,Lauren,60,Masculine,10,54,75,59
23,Iris,67,Feminine,4,51,80,49
23,Lilly,52,Feminine,8,38,76,31
53,Valeria,61,Feminine,2,45,80,66
42,Arabella,75,Feminine,4,58,82,45
23,Sara,70,Feminine,4,50,79,49
37,Trinity,34,Feminine,10,32,76,59
79,Ryleigh,12,Feminine,16,21,43,48
56,Jordyn,18,Feminine,30,26,51,64
42,Jocelyn,61,Masculine,13,50,73,61
35,Kimberly,57,Feminine,6,38,77,53
26,Esther,86,Feminine,6,69,79,61
22,Molly,62,Feminine,3,33,72,51
34,Valerie,69,Feminine,6,60,81,66
37,Cecilia,76,Feminine,2,47,80,26
36,Anastasia,87,Feminine,5,58,82,54
14,Daisy,72,Feminine,3,17,75,25
49,Mya,32,Feminine,4,23,67,47
25,Amy,61,Feminine,5,33,73,47
40,Teagan,41,Masculine,28,33,65,67
30,Amaya,46,Feminine,4,38,76,42
27,Elise,65,Feminine,3,50,81,41
37,Harmony,44,Feminine,5,22,81,40
40,Paige,38,Feminine,11,31,67,61
42,Adaline,75,Feminine,0,50,92,17
30,Fiona,76,Feminine,4,45,78,49
31,Alaina,47,Feminine,2,42,78,46
29,Nicole,53,Feminine,7,46,77,55
25,Genevieve,75,Feminine,3,58,82,53
31,Lucia,78,Feminine,3,45,83,42
28,Alina,49,Feminine,1,36,81,40
50,Mckenzie,30,Feminine,26,30,46,60
27,Callie,38,Feminine,4,27,69,52
32,Eloise,85,Feminine,3,52,85,41
29,Brooke,47,Feminine,9,47,73,58
76,Londyn,18,Feminine,24,38,44,58
33,Mariah,51,Feminine,5,42,76,53
36,Julianna,73,Feminine,3,42,80,43
25,Rachel,75,Feminine,5,53,75,61
52,Daniela,39,Feminine,2,26,77,44
26,Gracie,65,Feminine,4,28,82,29
28,Catherine,85,Feminine,4,74,84,59
33,Angelina,64,Feminine,3,45,84,42
55,Presley,30,Masculine,47,21,67,66
32,Josie,53,Feminine,4,41,69,48
58,Adelyn,17,Feminine,0,19,81,58
36,Vanessa,58,Feminine,3,53,79,52
49,Makayla,22,Feminine,8,22,53,50
41,Juliette,84,Feminine,4,44,84,38
42,Amara,49,Feminine,8,39,71,58
25,Ana,64,Feminine,3,47,74,48
28,Alana,49,Feminine,3,45,74,52
24,Michelle,53,Feminine,7,48,78,51
25,Malia,43,Feminine,3,34,74,43
28,Rebecca,80,Feminine,4,59,78,63
40,Brooklynn,39,Feminine,4,44,64,57
79,Brynlee,0,Feminine,32,11,21,25
16,Summer,37,Feminine,8,27,78,48
68,Sloane,31,Feminine,44,62,48,77
31,Leila,57,Feminine,2,48,79,47
29,Sienna,42,Feminine,4,30,77,47
59,Adriana,66,Feminine,3,55,78,69
39,Juliet,86,Feminine,5,36,86,29
49,Destiny,22,Feminine,7,20,53,56
42,Alayna,39,Feminine,2,40,74,46
50,Elliana,20,Feminine,0,20,60,10
33,Diana,81,Feminine,4,59,83,57
26,Angela,69,Feminine,3,47,77,47
25,Noelle,65,Feminine,3,42,80,41
25,Rosalie,77,Feminine,2,49,83,32
27,Joanna,76,Feminine,4,59,78,55
49,Jayla,25,Feminine,3,24,68,58
44,Alivia,27,Feminine,3,28,63,44
54,Lola,43,Feminine,3,18,71,46
90,Emersyn,3,Feminine,60,10,18,50
23,Georgia,64,Feminine,5,58,75,61
37,Selena,51,Feminine,2,39,80,47
19,June,77,Feminine,12,55,73,49
36,Tessa,49,Feminine,4,32,74,47
23,Maggie,65,Feminine,7,26,64,53
29,Jessica,53,Feminine,6,39,74,53
38,Delaney,40,Feminine,16,40,71,60
36,Camille,72,Masculine,14,47,81,40
41,Vivienne,82,Feminine,2,65,86,45
21,Hope,63,Feminine,6,33,77,47
43,Mckenna,27,Feminine,23,25,51,62
31,Gemma,56,Feminine,3,41,76,50
17,Olive,78,Feminine,8,42,78,42
39,Alexandria,79,Feminine,3,70,79,71
63,Blakely,38,Feminine,63,25,50,75
49,Izabella,58,Feminine,3,34,80,54
29,Catalina,59,Feminine,2,49,77,50
58,Raegan,0,Feminine,58,25,8,83
72,Journee,6,Feminine,22,17,22,83
25,Gabrielle,76,Feminine,7,68,82,66
35,Lucille,83,Feminine,5,69,88,41
67,Amiyah,0,Feminine,0,0,50,33
28,Evangeline,83,Feminine,2,57,85,35
33,Thea,63,Feminine,3,48,77,54
33,Amina,68,Feminine,5,40,80,37
32,Giselle,68,Feminine,5,49,81,32
83,Lilah,0,Feminine,0,0,17,50
24,Melissa,60,Feminine,3,42,78,44
31,Kate,68,Feminine,3,44,77,64
33,Adelaide,84,Feminine,3,63,83,51
38,Charlee,13,Feminine,13,13,25,63
17,Leia,28,Feminine,6,25,72,69
26,Gabriela,69,Feminine,2,53,77,52
26,Jane,81,Feminine,6,60,77,56
13,Journey,31,Feminine,44,13,31,81
38,Elaina,54,Feminine,4,60,90,54
37,Miriam,81,Feminine,4,62,74,57
54,Briella,25,Feminine,4,21,58,38
28,Stephanie,57,Feminine,5,47,76,51
44,Ember,11,Feminine,33,6,67,78
29,Lilliana,55,Feminine,5,60,86,21
43,Aniyah,11,Feminine,0,14,18,61
30,Kamila,61,Feminine,4,29,73,50
31,Brynn,41,Feminine,14,29,72,67
34,Ariella,50,Feminine,4,43,76,47
65,Makenzie,16,Feminine,29,17,37,66
25,Annie,71,Feminine,3,27,71,40
28,Mariana,64,Feminine,4,45,79,57
37,Kali,43,Masculine,6,43,63,67
31,Haven,32,Masculine,32,25,72,55
29,Elsie,75,Feminine,4,33,71,38
33,Lena,61,Feminine,4,45,76,46
27,Freya,74,Feminine,6,31,75,72
48,Camilla,67,Feminine,2,51,81,51
24,Jennifer,52,Feminine,3,40,75,51
68,Paislee,14,Feminine,23,5,14,14
36,Alessandra,68,Feminine,3,42,77,50
20,Juniper,37,Feminine,17,19,63,60
26,Fatima,75,Feminine,6,56,79,59
56,Raelyn,18,Feminine,10,23,58,47
31,Arielle,57,Feminine,1,30,80,34
34,Phoebe,70,Feminine,3,30,77,49
63,Kinley,18,Feminine,31,18,61,42
32,Ada,78,Feminine,3,54,79,55
39,Samara,41,Feminine,2,42,70,57
36,Cassidy,44,Masculine,16,34,66,53
50,Maci,14,Feminine,14,29,86,36
26,Aspen,29,Feminine,41,26,63,60
41,Allie,35,Feminine,8,22,60,48
36,Keira,41,Feminine,4,42,75,55
28,Kaia,42,Feminine,5,28,74,54
41,Makenna,19,Feminine,10,28,66,72
28,Amanda,65,Feminine,4,41,73,51
36,Heaven,24,Feminine,11,23,66,30
18,Joy,62,Feminine,6,22,79,46
47,Madilyn,35,Feminine,6,38,71,35
67,Gracelyn,14,Feminine,9,22,62,22
27,Laura,77,Feminine,4,56,78,54
44,Evelynn,67,Feminine,0,50,78,44
39,Lexi,31,Feminine,7,30,68,57
35,Haley,32,Feminine,8,23,70,60
46,Miranda,68,Feminine,4,62,76,67
28,Kaitlyn,38,Feminine,4,37,73,56
29,Daniella,52,Feminine,6,44,80,38
25,Felicity,69,Feminine,3,40,84,38
35,Jacqueline,79,Feminine,3,72,82,60
32,Evie,44,Feminine,3,23,77,29
29,Danielle,61,Feminine,5,52,78,57
37,Ainsley,54,Masculine,26,29,71,53
39,Kiara,47,Feminine,5,45,74,50
25,Millie,49,Feminine,1,16,61,28
59,Maddison,31,Feminine,23,31,55,53
41,Rylie,23,Feminine,20,25,56,46
44,Alicia,50,Feminine,3,36,75,47
26,Maeve,80,Feminine,3,61,74,68
45,Margot,79,Feminine,6,71,78,70
35,Kylee,38,Feminine,6,40,67,50
17,Heidi,72,Feminine,4,29,74,51
38,Zuri,34,Feminine,10,27,71,60
46,Alondra,61,Feminine,3,49,67,65
30,Lana,51,Feminine,4,44,75,42
27,Madeleine,74,Feminine,2,53,82,43
48,Kenzie,21,Masculine,24,16,54,62
47,Miracle,24,Feminine,5,23,72,28
24,Shelby,36,Masculine,14,29,67,41
49,Elle,45,Feminine,6,34,82,38
38,Adrianna,63,Feminine,2,58,78,56
43,Bianca,67,Feminine,5,44,78,50
49,Veronica,74,Feminine,3,61,79,69
34,Gwendolyn,83,Feminine,3,61,79,44
35,Esmeralda,77,Feminine,2,55,74,59
38,Chelsea,40,Feminine,6,32,71,58
31,Alison,63,Feminine,9,47,73,52
24,Magnolia,72,Feminine,5,57,81,42
31,Daphne,81,Feminine,2,44,81,40
34,Jenna,32,Feminine,5,26,69,52
30,Kyla,34,Feminine,5,30,71,53
67,Braelynn,0,Feminine,33,0,17,50
51,Harlow,32,Masculine,45,46,46,73
27,Annalise,66,Feminine,3,69,86,48
44,Mikayla,16,Feminine,5,19,61,61
27,Dahlia,69,Feminine,4,49,78,32
100,Averie,17,Feminine,83,17,0,50
44,Scarlet,57,Feminine,4,47,70,59
43,Kayleigh,25,Feminine,4,23,71,43
46,Luciana,42,Feminine,3,37,85,47
35,Kelsey,28,Masculine,16,28,71,65
24,Amber,41,Feminine,8,35,66,56
50,Gia,47,Feminine,2,24,67,41
47,Carmen,71,Feminine,9,57,71,73
25,Jimena,55,Feminine,7,30,57,61
26,Erin,62,Feminine,9,41,71,59
25,Christina,74,Feminine,4,56,82,51
29,Katie,52,Feminine,5,24,72,42
43,Viviana,54,Feminine,3,42,83,44
51,Alexia,36,Feminine,7,34,73,64
35,Serena,59,Feminine,3,44,80,44
25,Katelyn,44,Feminine,3,37,72,52
33,Ophelia,86,Feminine,2,56,83,35
52,Regina,84,Feminine,3,71,81,75
22,Helen,82,Feminine,4,73,79,63
39,Camryn,38,Feminine,12,37,71,56
45,Cadence,32,Feminine,17,26,70,56
32,Kathryn,71,Feminine,3,68,79,63
25,Skye,36,Feminine,15,32,71,52
27,Emely,41,Feminine,3,43,63,51
38,Kendra,25,Feminine,9,39,66,72
26,Cheyenne,42,Masculine,13,39,56,71
53,Fernanda,70,Feminine,5,39,80,74
49,Sabrina,57,Feminine,3,32,75,53
35,Francesca,82,Feminine,10,58,73,57
22,Eve,75,Feminine,3,50,81,48
33,Frances,88,Feminine,23,78,79,65
31,Sarai,63,Feminine,8,53,72,57
45,Carolina,70,Feminine,2,54,81,52
32,Raven,45,Masculine,27,50,63,83
30,Leslie,72,Masculine,29,55,77,66
24,Winter,46,Feminine,18,44,76,50
33,Abby,45,Feminine,5,22,61,59
24,Mabel,87,Feminine,4,57,72,63
27,Sierra,34,Feminine,7,35,63,65
19,April,54,Feminine,4,36,78,37
31,Willa,70,Feminine,2,49,69,58
37,Carly,32,Feminine,7,27,65,61
34,Jolene,45,Feminine,5,32,66,49
10,Rosemary,91,Feminine,3,68,89,43
31,Selah,51,Feminine,7,55,79,48
57,Renata,61,Feminine,3,53,78,70
35,Lorelei,75,Feminine,3,49,82,52
39,Briana,43,Feminine,5,38,73,57
34,Celeste,74,Masculine,7,53,82,35
17,Wren,47,Feminine,21,37,72,50
30,Annabella,76,Feminine,3,30,84,21
45,Braelyn,13,Feminine,19,17,52,48
30,Ashlyn,36,Feminine,5,43,71,51
70,Jazlyn,20,Feminine,8,27,58,72
28,Edith,87,Feminine,5,82,79,68
23,Maryam,76,Feminine,5,67,80,57
60,Emmalyn,35,Feminine,8,21,67,21
22,Hattie,81,Feminine,3,28,72,44
31,Macie,41,Feminine,3,31,81,40
66,Bristol,33,Feminine,41,39,39,77
33,Marlee,36,Feminine,8,35,72,45
41,Demi,39,Feminine,5,34,59,42
27,Sylvia,80,Feminine,2,66,86,45
26,Itzel,46,Feminine,8,40,65,63
47,Allyson,52,Feminine,5,48,70,57
30,Lilith,80,Feminine,3,61,71,63
37,Melany,48,Feminine,6,27,73,50
75,Kaydence,7,Feminine,27,18,50,61
21,Holly,63,Feminine,7,34,73,44
23,Nayeli,53,Feminine,3,38,74,48
33,Meredith,77,Masculine,15,67,81,62
25,Liana,44,Feminine,2,37,79,42
22,Megan,40,Feminine,5,34,72,67
23,Bethany,65,Feminine,5,47,78,45
38,Alejandra,65,Feminine,4,43,58,65
44,Janelle,31,Feminine,4,44,71,42
31,Elisa,55,Feminine,3,42,79,41
39,Adelina,42,Feminine,2,27,86,29
31,Ashlynn,32,Feminine,9,33,69,47
40,Aleah,20,Feminine,0,30,70,30
31,Myra,71,Feminine,4,64,74,56
31,Lainey,36,Feminine,8,28,76,43
51,Blair,51,Masculine,41,55,74,64
40,Kassidy,40,Feminine,13,34,60,54
36,Charley,53,Masculine,61,39,36,76
37,Virginia,88,Feminine,3,72,84,57
33,Helena,83,Feminine,2,68,83,55
44,Sasha,53,Masculine,38,30,64,57
31,Julie,68,Feminine,4,30,72,40
27,Michaela,55,Feminine,5,48,76,62
32,Matilda,85,Feminine,5,55,76,78
33,Maisie,69,Feminine,5,31,72,33
29,Hallie,43,Feminine,2,18,70,37
62,Jazmin,20,Feminine,5,24,46,53
42,Priscilla,85,Feminine,3,60,87,34
43,Marilyn,71,Feminine,6,67,82,48
38,Cecelia,73,Feminine,4,59,85,35
25,Danna,60,Feminine,15,65,60,55
29,Colette,73,Feminine,2,54,82,42
27,Baylee,34,Feminine,13,32,66,47
47,Ivanna,51,Feminine,3,46,77,51
50,Imani,49,Masculine,15,46,78,60
37,Angelica,66,Feminine,3,46,80,42
26,Emelia,57,Feminine,3,51,79,49
31,Kalani,45,Masculine,23,47,69,50
23,Alanna,52,Feminine,2,49,73,54
46,Macy,35,Feminine,20,32,68,40
29,Karina,55,Feminine,2,37,73,55
78,Addyson,13,Feminine,26,39,37,78
62,Aisha,49,Feminine,4,23,64,63
33,Johanna,77,Feminine,4,57,73,65
37,Mallory,60,Feminine,11,42,66,64
33,Leona,73,Feminine,5,52,76,57
36,Mariam,75,Feminine,16,66,67,52
43,Karla,46,Feminine,5,42,66,71
43,Beatrice,83,Feminine,2,60,80,50
42,Gloria,76,Feminine,3,70,82,62
30,Savanna,51,Feminine,8,48,71,51
33,Giuliana,76,Feminine,2,54,72,38
49,Lauryn,19,Feminine,4,23,61,64
33,Liberty,40,Feminine,10,36,71,72
55,Aubrie,37,Feminine,9,38,59,50
58,Kyleigh,16,Feminine,4,11,38,48
36,Jillian,60,Feminine,4,46,74,55
46,Haylee,24,Feminine,10,15,49,48
27,Azalea,48,Feminine,4,38,79,34
51,Jayda,18,Feminine,5,21,52,64
45,Tiffany,44,Feminine,5,25,73,38
32,Bailee,32,Feminine,15,31,67,45
50,Jazmine,29,Feminine,7,27,65,46
47,Esme,83,Masculine,6,46,80,34
63,Madisyn,25,Feminine,29,25,50,44
28,Elaine,80,Feminine,3,69,85,52
37,Lilian,70,Masculine,16,57,81,42
34,Kyra,35,Feminine,4,33,69,57
30,Kora,57,Feminine,9,20,75,61
54,Octavia,85,Feminine,5,75,76,70
31,Irene,84,Feminine,3,68,83,49
30,Kelly,53,Masculine,24,30,69,65
37,Lacey,46,Masculine,6,28,74,30
20,Laurel,73,Feminine,7,60,81,46
30,Dorothy,90,Feminine,4,69,77,47
37,Cassandra,81,Feminine,3,68,79,69
27,Rebekah,77,Feminine,4,56,74,66
34,Emmy,64,Feminine,22,19,68,31
67,Sloan,22,Masculine,59,52,49,78
31,Hayley,34,Feminine,8,24,66,47
37,Amalia,58,Feminine,2,48,80,51
36,Jemma,39,Feminine,2,41,73,51
25,Melina,47,Feminine,3,39,82,48
24,Leyla,47,Feminine,2,47,70,52
51,Wynter,25,Feminine,16,24,65,42
36,Alessia,43,Feminine,1,25,77,34
41,Monica,54,Feminine,5,50,74,63
29,Anya,59,Feminine,4,47,76,53
36,Antonella,69,Feminine,2,52,83,47
58,Khaleesi,12,Feminine,8,8,19,62
27,Ivory,57,Masculine,7,43,77,43
27,Greta,86,Feminine,6,63,73,71
27,Maren,64,Feminine,9,63,71,66
31,Alena,48,Feminine,5,46,73,47
24,Alaia,51,Feminine,3,45,74,51
43,Cynthia,79,Feminine,3,67,79,49
46,Angie,28,Feminine,4,25,46,55
32,Crystal,45,Feminine,2,29,71,38
59,Jayde,17,Feminine,12,32,54,57
32,Aileen,71,Feminine,7,55,67,54
44,Siena,42,Feminine,3,35,76,49
26,Marie,82,Masculine,4,56,81,40
23,Pearl,78,Feminine,9,64,81,43
48,Reyna,50,Feminine,5,61,68,68
21,Mae,63,Feminine,2,48,77,45
30,Zahra,53,Feminine,2,49,77,52
33,Kailey,31,Feminine,3,29,74,40
33,Tiana,33,Feminine,6,37,75,51
21,Amirah,63,Feminine,8,34,66,47
31,Madalyn,47,Feminine,7,41,78,50
35,Lilyana,50,Feminine,3,30,82,38
20,Lillie,52,Feminine,2,41,78,44
31,Jolie,46,Feminine,2,38,77,43
34,Laney,39,Feminine,6,34,74,41
29,Roselyn,76,Feminine,1,59,84,29
39,Joelle,51,Feminine,5,53,83,48
28,Bridget,78,Feminine,4,54,70,71
34,Aurelia,83,Feminine,2,61,84,50
43,Clarissa,76,Feminine,4,43,81,37
34,Elyse,50,Feminine,3,48,76,45
43,Marissa,42,Feminine,5,39,71,55
31,Monroe,80,Masculine,77,70,74,75
59,Kori,16,Feminine,18,17,59,67
51,Elsa,72,Feminine,2,52,77,65
21,Rosie,55,Feminine,2,31,74,44
28,Amelie,56,Feminine,1,45,77,41
27,Aliza,46,Feminine,4,45,76,53
28,Eileen,79,Feminine,4,58,76,54
10,Poppy,54,Feminine,6,21,74,31
28,Emmie,70,Feminine,6,28,66,60
50,Milana,51,Feminine,5,37,77,27
31,Chaya,51,Feminine,2,47,70,54
20,Frida,80,Feminine,9,55,64,65
21,Bonnie,63,Feminine,4,33,71,47
50,Stevie,28,Masculine,47,16,41,69
41,Tatiana,71,Feminine,2,47,78,45
34,Annika,64,Feminine,2,39,77,52
23,Linda,60,Feminine,3,54,77,51
30,Kenna,38,Feminine,5,32,73,73
26,Faye,70,Feminine,3,43,78,36
33,Brittany,34,Feminine,8,29,67,55
29,Marina,57,Feminine,3,37,77,48
60,Astrid,76,Feminine,12,42,75,73
37,Mikaela,47,Feminine,8,33,69,64
31,Kaylie,25,Feminine,4,28,79,41
34,Teresa,85,Feminine,3,71,79,66
25,Hadassah,84,Feminine,7,62,75,68
24,Guadalupe,81,Masculine,24,77,56,76
76,Chanel,33,Feminine,4,48,72,37
28,Lyra,56,Feminine,2,37,80,53
53,Aniya,47,Feminine,0,27,80,30
14,Meadow,33,Feminine,7,27,79,34
62,Princess,34,Feminine,6,26,51,33
31,Leanna,41,Feminine,3,47,72,36
28,Nathalie,51,Feminine,1,47,78,48
33,Nola,57,Feminine,2,41,73,48
36,Marianna,64,Feminine,2,56,73,49
24,Martha,90,Feminine,3,77,80,65
28,Sariah,57,Feminine,3,49,82,46
30,Louisa,79,Feminine,3,53,82,51
49,Noemi,53,Feminine,5,22,81,45
26,Emmeline,84,Feminine,2,50,85,39
34,Erika,59,Feminine,4,38,69,69
42,Amani,66,Masculine,23,43,73,51
44,Ansley,54,Feminine,39,50,65,48
32,Maleah,43,Feminine,7,48,71,51
26,Salma,71,Feminine,5,56,73,65
34,Kiera,47,Feminine,5,35,72,55
39,Dulce,47,Feminine,14,18,65,33
25,Nala,41,Masculine,8,32,79,55
29,Natasha,61,Feminine,2,67,66,59
26,Mercy,70,Feminine,4,40,83,37
33,Penny,68,Feminine,6,21,69,44
34,Ariadne,83,Feminine,4,59,80,48
26,Deborah,82,Feminine,2,80,74,75
31,Elisabeth,83,Feminine,2,67,82,51
43,Zaria,32,Feminine,4,34,55,66
26,Raina,40,Feminine,2,32,75,57
65,Ryann,10,Feminine,55,16,32,68
35,Lexie,41,Feminine,9,40,72,58
24,Thalia,61,Feminine,2,44,79,53
28,Annabel,79,Feminine,3,37,81,41
29,Christine,80,Feminine,4,55,78,48
39,Estella,87,Feminine,3,66,84,46
47,Adele,65,Feminine,4,64,74,49
31,Estelle,85,Feminine,4,69,86,36
40,Tori,29,Feminine,10,26,61,66
32,Perla,65,Feminine,7,58,68,49
49,Angelique,70,Feminine,3,51,80,47
42,Romina,55,Feminine,2,39,68,56
72,Jaylene,28,Feminine,17,22,39,72
22,Louise,84,Feminine,3,36,80,35
41,Mavis,77,Feminine,16,70,65,69
21,Belle,80,Feminine,4,36,83,24
27,Lea,51,Feminine,4,43,72,51
32,Nalani,32,Masculine,12,33,68,46
34,Rivka,76,Feminine,5,53,66,78
35,Calliope,73,Feminine,3,37,75,55
46,Kaelyn,12,Feminine,8,23,38,46
28,Sky,26,Masculine,26,26,71,47
43,Jewel,46,Masculine,13,34,58,42
43,Joselyn,37,Feminine,17,54,54,50
48,Paola,66,Feminine,7,63,72,59
28,Giovanna,79,Feminine,3,53,78,56
49,Isabela,74,Feminine,8,44,79,65
59,Karlee,13,Feminine,4,17,60,50
38,Claudia,70,Feminine,4,56,81,58
40,Corinne,75,Feminine,3,67,79,47
35,Erica,60,Feminine,5,43,69,69
38,Milena,50,Feminine,2,41,76,47
22,Kallie,40,Feminine,2,36,81,45
39,Alyson,46,Feminine,6,40,68,54
31,Joyce,74,Masculine,12,61,76,60
42,Whitney,49,Masculine,11,51,74,64
21,Emilee,45,Feminine,2,31,71,44
35,Carolyn,62,Feminine,4,61,78,56
33,Jaylee,28,Feminine,10,33,71,47
36,Zoie,32,Feminine,5,28,67,48
61,Andi,13,Feminine,37,13,53,63
36,Judith,86,Feminine,4,73,74,77
31,Paula,73,Feminine,5,48,77,52
43,Xiomara,51,Feminine,5,46,76,69
26,Cara,51,Feminine,4,33,81,44
42,Celia,76,Feminine,3,52,80,39
19,Opal,78,Feminine,4,65,85,46
31,Clare,72,Feminine,7,57,79,52
36,Gwen,68,Feminine,8,44,74,60
41,Veda,72,Feminine,11,61,66,89
54,Alisha,35,Feminine,3,37,62,52
37,Davina,53,Feminine,5,51,79,54
29,Rhea,74,Feminine,6,68,73,65
41,Danica,47,Feminine,3,43,71,64
26,Kathleen,79,Feminine,3,62,78,55
27,Lindsey,48,Masculine,17,43,73,53
47,Maxine,63,Feminine,6,53,69,68
40,Paulina,67,Feminine,8,42,75,35
39,Hailee,23,Feminine,10,18,65,44
31,Nancy,79,Feminine,4,53,74,50
36,Jessa,26,Feminine,4,23,63,53
50,Raquel,64,Feminine,8,51,68,69
54,Zainab,40,Feminine,16,59,68,69
28,Lisa,57,Feminine,8,37,69,50
32,Patricia,84,Feminine,3,75,79,70
36,India,47,Feminine,11,37,76,63
48,Janessa,24,Feminine,4,28,67,56
36,Paloma,70,Feminine,3,57,79,46
46,Ramona,72,Feminine,3,54,65,78
32,Sandra,69,Feminine,5,60,76,72
32,Emmaline,80,Feminine,4,40,83,32
45,Kassandra,58,Feminine,6,52,68,67
31,Kailyn,36,Feminine,6,37,72,48
27,Rosalyn,71,Feminine,2,45,81,41
27,Luella,62,Feminine,0,35,76,37
31,Barbara,89,Feminine,5,83,69,83
40,Iliana,70,Feminine,7,38,82,38
21,Alannah,58,Feminine,2,48,77,42
25,Brenda,68,Feminine,5,68,65,80
31,Selene,71,Feminine,2,56,80,53
45,Lizbeth,41,Feminine,4,57,46,72
48,Adrienne,63,Feminine,5,59,74,53
29,Annalee,55,Feminine,3,41,76,42
58,Miley,15,Feminine,19,12,40,34
50,Joslyn,50,Feminine,13,37,63,40
36,Breanna,29,Feminine,3,33,73,63
71,Melania,28,Feminine,48,26,39,18
24,Estrella,76,Feminine,5,57,72,41
40,Ingrid,82,Feminine,8,64,79,67
34,Kaylin,34,Feminine,6,38,72,45
26,Kailee,25,Feminine,3,30,77,45
32,Marjorie,81,Feminine,1,69,74,64
37,Courtney,36,Masculine,15,30,69,63
33,Evalyn,57,Feminine,9,44,61,43
50,Kenya,24,Feminine,4,36,59,64
32,Magdalena,91,Feminine,3,69,85,58
41,Carla,60,Feminine,3,53,66,73
24,Saoirse,57,Feminine,5,40,77,63
27,Susan,87,Feminine,2,71,83,60
49,Desiree,51,Feminine,3,37,73,58
45,Renee,70,Feminine,5,64,77,47
38,Esperanza,75,Feminine,4,53,75,59
54,Treasure,33,Feminine,22,27,53,36
38,Kristina,64,Feminine,4,50,67,55
39,Anabelle,75,Feminine,3,33,78,31
39,Tegan,48,Feminine,16,42,64,65
35,Emerald,53,Feminine,21,47,75,55
49,Florence,83,Masculine,28,64,82,60
49,Marlowe,70,Feminine,65,67,75,80
49,Sonia,55,Feminine,4,53,71,51
23,Sunny,39,Masculine,24,10,68,33
48,Riya,20,Feminine,5,21,71,46
50,Yara,28,Feminine,17,33,50,67
25,Alisa,48,Feminine,3,42,80,43
18,Sylvie,73,Feminine,3,34,82,61
28,Brenna,53,Feminine,2,49,71,56
27,Jenny,46,Feminine,4,21,68,44
37,Monserrat,69,Feminine,45,63,55,69
56,Archie,67,Masculine,92,44,46,70
31,Hamish,86,Masculine,92,62,54,82
41,Darcy,64,Masculine,39,48,74,64
35,Angus,78,Masculine,95,67,40,86
55,Nate,37,Masculine,89,28,58,69
33,Imogen,67,Feminine,5,54,78,56
32,Harriet,85,Feminine,5,64,69,69
27,Indiana,37,Masculine,47,33,40,80
48,Billie,55,Masculine,32,24,42,64
58,Archie,66,Masculine,92,42,47,69
53,Florian,77,Masculine,81,59,84,53
46,Moritz,80,Masculine,94,56,56,60
73,Lorenz,65,Masculine,96,69,77,81
44,Johannes,82,Masculine,91,73,73,68
36,Niklas,60,Masculine,86,42,54,74
53,Emil,81,Masculine,90,57,73,63
29,Philipp,76,Masculine,97,47,74,76
30,Theodor,88,Masculine,95,85,90,83
64,Konstantin,90,Masculine,99,84,64,91
50,Oskar,76,Masculine,89,67,59,84
54,Andreas,70,Masculine,93,65,63,76
37,Josef,68,Masculine,96,79,54,69
46,Fabio,63,Masculine,88,50,70,67
52,Kilian,71,Masculine,73,59,68,88
46,Leonie,62,Feminine,5,24,82,59
35,Luisa,80,Feminine,2,56,80,61
35,Katharina,75,Feminine,2,57,78,65
30,Theresa,84,Feminine,2,73,76,58
33,Marlene,79,Feminine,1,72,70,62
27,Klara,75,Feminine,4,54,72,48
68,Franziska,71,Feminine,1,44,63,66
67,Viktoria,86,Feminine,6,69,70,64
33,Antonia,79,Feminine,5,53,78,63
30,Elina,60,Feminine,1,38,76,42
31,Selina,56,Feminine,5,47,79,51
31,Pia,62,Feminine,6,30,79,40
33,Mathis,65,Masculine,93,50,58,75
47,Lars,71,Masculine,97,75,51,85
60,Vic,42,Masculine,75,38,58,75
58,Vince,63,Masculine,91,65,40,76
61,Sacha,64,Masculine,37,50,72,59
23,Youssef,66,Masculine,91,70,61,75
50,Maxime,81,Masculine,60,59,88,75
43,Mats,50,Masculine,89,30,27,70
22,Robin,68,Masculine,51,36,67,67
44,Imran,46,Masculine,94,56,69,88
36,Antoine,76,Masculine,82,73,79,63
65,Viktor,77,Masculine,93,64,67,81
36,Lou,59,Masculine,50,47,53,60
52,Alexandre,69,Masculine,90,56,72,71
34,Ilyas,70,Masculine,80,59,73,73
67,Tuur,67,Masculine,83,33,33,83
44,Baptiste,92,Masculine,90,70,80,76
50,Daan,46,Masculine,86,36,43,64
50,Sem,50,Masculine,61,33,39,61
29,Basile,88,Masculine,79,75,75,71
51,Henri,70,Masculine,92,64,72,72
36,Lowie,59,Masculine,82,36,50,59
50,Alessio,76,Masculine,90,44,69,52
31,Mauro,53,Masculine,81,71,58,71
57,Romain,70,Masculine,87,47,67,53
42,Achille,79,Masculine,90,74,58,65
45,Anas,57,Masculine,91,49,60,73
40,Lucie,69,Feminine,5,29,75,45
39,Manon,71,Feminine,23,56,65,61
33,Giulia,78,Feminine,6,34,77,48
32,Jeanne,57,Feminine,28,48,51,65
39,Nour,89,Masculine,50,67,67,89
29,Lotte,49,Feminine,6,19,69,35
74,Margaux,68,Feminine,8,48,76,59
38,Yasmine,37,Feminine,4,29,74,38
61,Alix,37,Feminine,18,28,56,61
23,Fleur,71,Feminine,6,35,82,36
45,Axelle,63,Feminine,41,47,67,75
38,Lilou,12,Feminine,0,18,74,12
33,Lise,76,Feminine,4,28,75,24
30,Oona,61,Feminine,3,32,66,58
28,Emilie,59,Feminine,2,42,79,38
30,Ines,73,Feminine,13,51,68,45
33,Malak,78,Masculine,38,56,82,79
28,Pauline,81,Feminine,6,71,76,54
38,Harun,81,Masculine,92,69,50,92
75,Muhamed,69,Masculine,63,69,38,75
64,Ajdin,43,Masculine,86,57,50,64
30,Faris,72,Masculine,89,70,76,67
41,Marko,48,Masculine,96,41,46,81
40,Petar,93,Masculine,100,83,43,93
51,Kenan,66,Masculine,91,51,50,86
40,Bilal,48,Masculine,90,48,54,70
50,Ismail,89,Masculine,100,78,33,89
37,Mahir,82,Masculine,100,71,66,74
60,Jakov,75,Masculine,100,65,35,80
50,Armin,55,Masculine,95,50,63,55
43,Josip,61,Masculine,68,57,57,57
42,Adnan,42,Masculine,92,42,58,58
36,Eldar,86,Masculine,91,45,50,95
56,Filip,67,Masculine,93,49,79,61
50,Mirza,71,Masculine,57,61,57,76
29,Matej,93,Masculine,100,64,79,79
42,Aldin,75,Masculine,83,58,67,58
50,Omer,57,Masculine,80,61,50,61
47,Mihael,59,Masculine,90,68,51,76
44,Adem,56,Masculine,88,69,34,66
67,Arslan,50,Masculine,83,50,33,83
25,Ammar,75,Masculine,100,63,50,75
67,Dino,46,Masculine,94,34,26,77
50,Isak,75,Masculine,97,53,31,63
60,Abdulah,40,Masculine,100,70,20,60
70,Andrej,53,Masculine,97,32,56,83
50,Alem,63,Masculine,100,63,38,38
25,Damir,83,Masculine,92,58,71,92
60,Lamija,80,Feminine,0,30,60,60
39,Ema,53,Feminine,6,39,66,47
33,Lejla,83,Feminine,0,50,33,83
50,Esma,67,Feminine,0,33,50,67
50,Ajla,38,Feminine,0,25,50,25
36,Amna,56,Feminine,6,51,75,60
50,Iman,57,Masculine,30,49,74,61
29,Naida,58,Feminine,4,27,79,63
40,Uma,57,Feminine,10,54,66,75
67,Azra,63,Feminine,21,58,46,75
37,Petra,78,Feminine,5,53,69,72
21,Marta,83,Feminine,3,54,72,74
33,Marija,76,Feminine,2,62,64,64
36,Farah,44,Masculine,3,30,73,52
38,Dalal,73,Feminine,23,19,85,46
15,Lucija,76,Feminine,15,41,85,50
35,Elma,69,Feminine,8,55,60,53
37,Selma,70,Feminine,8,61,77,67
82,Nadja,25,Feminine,7,36,64,73
32,Jasmina,18,Feminine,0,14,73,18
40,Aida,66,Feminine,4,49,74,52
20,Matea,60,Feminine,20,50,100,40
38,Rita,66,Feminine,2,63,70,71
40,Nur,66,Masculine,31,49,64,60
45,Dunja,63,Feminine,20,45,68,53
26,Isla,53,Feminine,2,43,82,45
14,Malthe,50,Masculine,50,57,43,57
48,Valdemar,97,Masculine,97,84,53,93
48,Aksel,56,Masculine,89,57,50,83
41,Frederik,78,Masculine,93,74,39,80
58,Mikkel,58,Masculine,87,32,63,68
38,Viggo,57,Masculine,99,67,28,86
35,Storm,18,Masculine,50,34,31,87
58,Mads,47,Masculine,88,43,49,78
67,Konrad,77,Masculine,96,50,75,79
46,Marius,84,Masculine,92,73,69,70
32,Thor,42,Masculine,96,37,60,80
30,Sigurd,90,Masculine,91,84,39,86
42,Asger,82,Masculine,95,76,50,63
28,Ida,76,Feminine,5,50,69,59
27,Freja,77,Feminine,3,34,79,78
36,Josefine,77,Feminine,4,34,73,34
37,Agnes,88,Feminine,7,79,70,67
38,Sofie,66,Feminine,6,30,73,46
41,Mathilde,83,Feminine,3,65,80,59
38,Asta,60,Feminine,13,38,56,58
40,Vilma,60,Feminine,3,51,66,64
22,Saga,74,Feminine,13,35,68,63
53,Alfie,55,Masculine,93,26,54,62
48,Freddie,52,Masculine,83,21,43,60
43,Teddy,60,Masculine,84,17,50,60
55,Reggie,44,Masculine,91,26,39,69
48,Ollie,56,Masculine,51,28,41,57
49,Ralph,82,Masculine,94,73,49,81
49,Rupert,86,Masculine,97,74,68,79
54,Muhammed,71,Masculine,87,74,41,71
35,Finlay,65,Masculine,83,44,67,64
28,Jakub,76,Masculine,89,70,54,74
49,Lenny,42,Masculine,74,32,58,57
64,Vinnie,45,Masculine,77,32,42,62
48,Wilfred,85,Masculine,94,73,79,78
70,Zakariya,70,Masculine,50,70,20,100
34,Ted,72,Masculine,96,51,43,71
37,Antoni,92,Masculine,87,61,66,53
40,Chester,85,Masculine,97,63,43,77
49,Abdul,66,Masculine,94,69,37,76
43,Freddy,53,Masculine,84,19,44,78
42,Zac,37,Masculine,88,25,63,80
42,Zack,27,Masculine,85,26,40,77
40,Rayyan,35,Masculine,70,25,65,50
44,Barnaby,84,Masculine,97,61,59,65
58,Sidney,57,Masculine,57,46,56,75
62,Kacper,50,Masculine,92,44,38,72
51,Fraser,65,Masculine,93,69,69,77
48,Rufus,79,Masculine,97,48,45,87
35,Kit,55,Masculine,54,18,50,66
45,Aleksander,77,Masculine,97,56,68,81
39,Denis,70,Masculine,87,52,61,56
43,Monty,69,Masculine,99,30,37,76
50,Rafferty,56,Masculine,89,72,44,78
51,Umar,85,Masculine,99,76,50,92
54,Casper,67,Masculine,91,24,67,49
50,Ralphie,58,Masculine,89,14,39,53
37,Harris,83,Masculine,92,79,64,80
42,Buddy,57,Masculine,92,19,33,59
31,Ewan,66,Masculine,91,51,56,79
48,Bertie,81,Masculine,69,38,44,60
51,Rafe,63,Masculine,96,50,48,78
43,Coby,24,Masculine,62,20,30,58
50,Alexandru,79,Masculine,94,65,65,72
50,Harri,53,Masculine,81,39,56,67
65,Zak,21,Masculine,94,21,35,82
33,Cillian,77,Masculine,88,60,64,69
53,Zach,42,Masculine,83,37,46,72
64,Szymon,72,Masculine,86,52,47,69
35,Cian,69,Masculine,90,51,57,73
29,Nikodem,64,Masculine,71,79,71,57
50,Andrei,73,Masculine,92,61,60,74
62,Franciszek,68,Masculine,82,74,53,79
72,Hussain,81,Masculine,100,88,47,81
53,Natan,42,Masculine,97,53,66,92
57,Montgomery,88,Masculine,92,86,81,87
45,Niall,65,Masculine,94,44,56,73
51,Archibald,90,Masculine,95,88,72,81
68,Maksymilian,68,Masculine,79,74,34,68
64,Tymon,50,Masculine,96,46,39,71
42,Elis,75,Masculine,58,54,79,46
50,Hashim,56,Masculine,94,56,53,69
33,Ibraheem,75,Masculine,100,83,71,71
51,Olivier,87,Masculine,88,62,74,56
26,Woody,61,Masculine,93,30,30,74
63,Haider,53,Masculine,93,68,23,78
42,Josh,42,Masculine,81,36,49,70
63,Aston,44,Masculine,87,48,56,81
60,Ayman,55,Masculine,83,52,67,67
58,Eduard,77,Masculine,94,78,72,76
88,Koby,19,Masculine,100,27,23,73
50,Dawid,88,Masculine,97,72,47,75
56,Yunus,69,Masculine,89,50,53,64
42,Kasper,52,Masculine,90,38,63,74
52,Percy,71,Masculine,88,43,72,60
35,Zakaria,73,Masculine,58,58,69,69
79,Oliwier,50,Masculine,93,43,57,57
58,Sulaiman,35,Masculine,100,73,65,88
51,Benedict,83,Masculine,93,80,74,70
31,Euan,72,Masculine,97,48,66,69
50,Hari,69,Masculine,71,38,44,69
56,Yaqub,75,Masculine,94,50,44,56
29,Ioan,89,Masculine,89,74,39,87
42,Dawud,79,Masculine,96,67,67,83
47,Lennie,52,Masculine,64,24,50,38
20,Alby,60,Masculine,90,23,50,63
47,Barney,56,Masculine,92,45,33,55
44,Igor,82,Masculine,99,74,32,88
41,Regan,57,Feminine,21,40,73,72
41,Robbie,38,Masculine,79,19,52,57
58,Ernie,73,Masculine,92,40,63,75
52,Wiktor,80,Masculine,91,74,35,85
29,Caelan,46,Masculine,59,44,59,71
51,Hasan,82,Masculine,93,61,77,81
33,Lottie,75,Feminine,2,20,72,37
30,Robyn,45,Feminine,11,29,71,53
44,Darcey,48,Feminine,17,33,71,52
33,Esmae,17,Feminine,0,17,50,17
21,Niamh,63,Feminine,5,40,77,53
31,Edie,41,Feminine,11,26,54,39
31,Pippa,56,Feminine,4,21,65,46
27,Mollie,54,Feminine,2,33,74,48
25,Betsy,81,Feminine,4,30,66,48
23,Tilly,50,Feminine,3,43,75,48
36,Isobel,81,Feminine,4,50,78,47
27,Marnie,53,Feminine,6,29,71,66
51,Beatrix,87,Feminine,4,60,79,73
28,Hollie,49,Feminine,3,41,77,39
32,Connie,68,Masculine,7,36,71,49
20,Seren,61,Feminine,11,44,82,56
50,Cleo,59,Masculine,13,25,78,68
52,Khadija,57,Feminine,12,61,59,66
64,Zuzanna,46,Feminine,5,44,60,57
30,Georgie,67,Masculine,51,14,53,42
42,Ayesha,65,Feminine,6,59,67,61
21,Aoife,75,Feminine,4,34,74,54
35,Georgina,82,Feminine,11,61,81,63
33,Libby,49,Feminine,4,33,70,53
26,Tabitha,66,Feminine,3,49,74,55
30,Polly,72,Feminine,4,19,60,35
22,Primrose,83,Feminine,3,45,88,19
42,Ottilie,80,Feminine,2,43,83,37
19,Jemima,62,Feminine,15,52,76,53
24,Nellie,65,Feminine,1,45,74,54
45,Zofia,71,Feminine,0,50,73,63
37,Neve,55,Feminine,8,28,71,41
41,Zoya,51,Feminine,2,40,68,69
44,Syeda,50,Feminine,0,31,56,56
29,Yasmin,48,Feminine,4,30,77,40
28,Tallulah,50,Feminine,5,21,71,44
27,Fatimah,82,Feminine,15,52,70,60
24,Hafsa,62,Feminine,17,38,71,76
36,Zaynab,70,Feminine,17,47,67,76
26,Caitlin,49,Feminine,5,38,75,50
29,Constance,89,Feminine,4,75,85,66
28,Flora,85,Feminine,3,44,86,35
47,Alicja,69,Feminine,5,43,81,34
36,Dolly,76,Feminine,5,30,63,27
26,Minnie,76,Feminine,3,25,72,13
27,Nell,83,Feminine,12,40,69,56
43,Tia,36,Feminine,2,31,77,33
31,Oliwia,65,Feminine,4,27,67,50
12,Ffion,65,Feminine,15,33,75,48
28,Verity,79,Feminine,5,39,82,32
29,Etta,78,Feminine,1,52,68,56
36,Philippa,79,Feminine,6,55,76,65
33,Daria,44,Feminine,4,61,47,49
20,Ayah,70,Feminine,0,50,80,30
36,Sapphire,41,Feminine,5,46,65,62
43,Ebony,47,Feminine,7,50,73,61
39,Ayda,43,Feminine,1,37,71,26
51,Yusra,56,Feminine,10,44,76,53
40,Maddie,24,Feminine,14,15,62,62
36,Aaminah,50,Feminine,0,36,79,36
31,Betty,79,Feminine,5,51,64,43
21,Dottie,61,Feminine,8,24,45,42
26,Winnie,57,Feminine,10,6,65,37
36,Marwa,86,Feminine,6,50,67,61
32,Kitty,60,Feminine,5,16,75,31
28,Macey,44,Feminine,9,44,73,46
46,Aleksandra,72,Feminine,6,56,76,66
17,Freyja,84,Feminine,2,18,88,86
49,Rae,31,Feminine,21,37,51,66
22,Blossom,47,Feminine,5,29,71,19
50,Hafsah,56,Feminine,13,44,88,94
35,Henrietta,88,Feminine,2,72,78,65
28,Aila,44,Feminine,0,11,89,44
31,Priya,57,Feminine,3,36,79,47
41,Raya,54,Feminine,3,53,64,54
29,Wiktoria,84,Feminine,5,66,87,87
24,Honey,35,Feminine,4,8,75,16
24,Carys,52,Feminine,4,36,80,46
7,Fern,61,Feminine,13,34,70,52
50,Pola,50,Feminine,17,39,44,28
39,Safiyyah,61,Feminine,8,47,63,66
35,Alyssia,38,Feminine,1,28,78,44
58,Antonina,84,Feminine,2,58,79,47
10,Mali,60,Feminine,5,10,80,25
37,Nelly,45,Feminine,8,38,71,51
38,Sana,36,Feminine,9,24,73,42
75,Gabin,25,Masculine,75,25,25,63
58,Augustin,89,Masculine,94,84,70,88
48,Eliott,72,Masculine,83,42,67,43
67,Maxence,80,Masculine,80,70,80,83
48,Gaspard,81,Masculine,92,69,50,84
54,Tiago,49,Masculine,94,46,46,75
43,Noam,49,Masculine,68,39,68,53
25,Mathys,88,Masculine,100,13,63,75
90,Kylian,25,Masculine,45,15,70,50
54,Wassim,50,Masculine,100,42,33,67
55,Bastien,81,Masculine,95,63,75,80
68,Antonin,89,Masculine,96,54,71,54
41,Sandro,80,Masculine,91,70,46,85
44,Pierre,84,Masculine,93,65,76,69
33,Issa,52,Masculine,48,33,60,45
48,Thibault,75,Masculine,95,70,82,70
31,Elio,76,Masculine,100,26,81,50
60,Malone,56,Masculine,96,75,46,85
67,Nassim,50,Masculine,50,50,67,33
39,Lucien,80,Masculine,89,71,82,57
28,Ewen,78,Masculine,81,31,47,81
50,Loan,100,Masculine,50,50,50,50
51,Alban,83,Masculine,98,73,69,84
50,Mehdi,78,Masculine,78,67,61,72
27,Corentin,85,Masculine,69,58,65,62
41,Marin,50,Masculine,58,44,63,55
53,Loris,40,Masculine,67,10,47,77
49,Ezio,78,Masculine,97,68,52,84
50,Erwan,90,Masculine,100,80,50,90
29,Ilan,62,Masculine,79,48,69,81
48,Eliot,78,Masculine,89,67,87,60
47,Armand,86,Masculine,98,77,79,81
52,Amaury,79,Masculine,77,40,58,50
71,Haroun,57,Masculine,100,36,64,79
31,Mathieu,88,Masculine,94,40,83,71
70,Livio,78,Masculine,85,57,52,78
53,Gustave,78,Masculine,94,83,61,83
54,Anis,71,Masculine,92,71,67,79
40,Tim,40,Masculine,92,32,65,74
88,Gauthier,94,Masculine,100,81,100,69
35,Anatole,79,Masculine,77,68,77,55
38,Lisandro,63,Masculine,88,88,79,63
35,Yann,82,Masculine,88,59,56,88
60,Octave,80,Masculine,80,80,90,90
60,Gianni,59,Masculine,94,48,55,71
38,Matthieu,94,Masculine,94,69,88,94
42,Gaston,83,Masculine,96,66,44,92
39,Joachim,84,Masculine,97,69,60,81
68,Paolo,65,Masculine,94,32,56,71
35,Salim,83,Masculine,90,43,65,70
45,Aubin,68,Masculine,95,68,55,82
27,Walid,59,Masculine,100,34,55,75
26,Adel,60,Masculine,45,67,64,60
41,Nils,42,Masculine,91,33,51,72
53,Georges,82,Masculine,95,82,63,92
50,Tino,39,Masculine,95,25,36,59
35,Elouan,70,Masculine,70,50,80,50
39,Mamadou,33,Masculine,72,61,56,78
47,Clovis,72,Masculine,83,76,62,70
41,Joris,53,Masculine,81,44,56,84
50,Vadim,78,Masculine,99,68,53,78
60,Ziyad,50,Masculine,88,60,58,92
64,Enes,71,Masculine,79,57,50,71
29,Loup,39,Masculine,75,25,57,43
38,Guillaume,83,Masculine,96,63,77,83
44,Zacharie,58,Masculine,87,38,73,77
56,Ugo,71,Masculine,90,58,37,76
72,Yasser,56,Masculine,83,50,56,72
63,Adil,60,Masculine,88,51,72,69
80,Stanislas,75,Masculine,90,85,60,80
41,Jacques,88,Masculine,91,83,76,76
58,Luc,65,Masculine,91,43,55,76
30,Armel,60,Masculine,80,60,63,60
45,Karim,76,Masculine,84,76,73,77
39,Karl,82,Masculine,94,75,52,79
66,Maximilien,89,Masculine,92,82,76,76
48,Ambroise,81,Masculine,71,71,73,60
50,Loukas,90,Masculine,100,30,90,70
50,Albin,58,Masculine,94,60,52,64
47,Clement,86,Masculine,95,75,82,73
25,Ibrahima,63,Masculine,50,63,50,63
45,Flavio,83,Masculine,97,58,72,62
24,Mahdi,86,Masculine,60,81,74,71
53,Yannis,73,Masculine,73,50,67,40
42,Jibril,38,Masculine,69,38,69,65
44,Melvyn,67,Masculine,90,60,73,35
81,Amjad,69,Masculine,100,88,56,88
54,Ziad,46,Masculine,79,54,58,83
59,Paco,50,Masculine,93,45,30,73
38,Aboubacar,63,Masculine,100,75,25,75
50,Akram,78,Masculine,100,67,56,78
24,Abel,86,Masculine,92,61,59,75
43,Ambre,56,Feminine,15,31,59,50
45,Romane,69,Feminine,64,57,45,83
33,Agathe,87,Feminine,9,71,63,57
58,Capucine,62,Feminine,19,38,62,23
43,Romy,42,Feminine,20,21,62,65
42,Victoire,85,Feminine,10,67,88,73
42,Apolline,74,Feminine,6,38,80,30
33,Louane,33,Feminine,0,83,17,67
54,Candice,59,Feminine,7,52,73,50
44,Faustine,85,Feminine,8,67,71,50
63,Roxane,50,Feminine,4,51,49,78
47,Manel,57,Masculine,63,47,63,67
40,Justine,68,Feminine,6,55,80,56
47,Charline,45,Feminine,5,34,68,29
32,Suzanne,80,Feminine,4,69,77,54
36,Ninon,46,Feminine,14,25,93,18
31,Myriam,81,Feminine,2,53,76,58
24,Lilia,57,Feminine,3,42,83,35
36,Diane,84,Feminine,3,72,80,52
44,Asma,63,Feminine,3,59,59,44
41,Coline,76,Feminine,18,38,50,44
20,Lylou,40,Feminine,0,0,70,20
31,Lilya,49,Feminine,15,47,68,47
46,Milla,40,Feminine,7,33,71,50
45,Anouk,50,Feminine,7,33,59,65
26,Tess,64,Feminine,5,30,68,53
20,Elia,62,Masculine,47,36,71,46
35,Safiya,55,Feminine,5,45,84,48
46,Shanna,27,Feminine,2,15,60,58
36,Lucile,67,Feminine,0,56,70,33
36,Clarisse,64,Feminine,2,42,80,47
39,Morgane,70,Feminine,8,47,75,58
41,Tasnim,47,Feminine,13,40,70,62
53,Line,35,Feminine,15,32,50,59
24,Aurore,78,Feminine,13,43,74,46
36,Chiara,66,Feminine,2,37,77,54
38,Cassie,37,Feminine,4,19,64,47
42,Janna,41,Feminine,4,23,58,47
28,Anissa,47,Feminine,3,45,75,46
47,Hortense,81,Feminine,33,82,53,77
25,Hawa,64,Feminine,22,44,44,64
28,Lili,40,Feminine,3,27,61,48
0,Olympe,33,Feminine,17,42,50,67
48,Amandine,70,Feminine,4,53,78,33
50,Meryem,65,Feminine,12,50,35,69
24,Violette,75,Feminine,4,46,82,31
34,Hajar,68,Feminine,34,58,63,71
25,Talya,53,Feminine,4,48,76,51
34,Fanny,72,Feminine,5,38,53,49
30,Marilou,64,Feminine,6,30,56,41
28,Hind,53,Feminine,44,56,56,72
59,Jannah,23,Feminine,9,36,61,57
21,Wendy,37,Feminine,5,19,76,32
75,Sixtine,50,Feminine,0,50,63,50
36,Isra,66,Feminine,11,52,69,75
38,Blanche,89,Feminine,5,66,77,42
31,Enola,50,Feminine,3,50,66,44
37,Aline,55,Feminine,4,39,74,37
28,Maeva,50,Feminine,6,22,74,39
37,Thelma,84,Feminine,6,76,64,72
30,Alycia,41,Feminine,1,28,72,30
35,Shayna,42,Feminine,1,39,76,53
58,Flavie,54,Feminine,23,21,50,35
13,Isaure,75,Feminine,63,88,63,38
32,Luce,73,Feminine,30,36,59,52
25,Marylou,67,Feminine,0,39,76,38
31,Philippine,84,Feminine,25,53,63,59
60,Loane,30,Feminine,30,50,50,70
27,Laurine,68,Feminine,5,64,66,27
40,Soraya,53,Feminine,4,40,73,54
32,Lindsay,46,Masculine,15,36,72,58
41,Ariane,63,Feminine,6,44,83,40
34,Tina,47,Feminine,6,30,65,46
34,Ilona,64,Feminine,3,41,80,44
44,Irina,76,Feminine,3,58,79,49
41,Zeynep,56,Feminine,24,50,35,50
66,Charlize,29,Feminine,7,45,64,66
29,Maddy,28,Feminine,1,28,50,69
44,Suzie,47,Feminine,19,15,59,32
65,Bertille,65,Feminine,25,65,75,40
34,Hiba,50,Feminine,5,28,74,43
30,Sakina,64,Feminine,2,25,88,43
0,Maylis,100,Feminine,0,88,63,38
71,Oriane,50,Feminine,14,64,79,36
40,Maud,93,Feminine,8,81,61,75
50,Sibylle,70,Feminine,3,53,60,63
41,Mathilda,81,Feminine,6,69,72,70
60,Bence,35,Masculine,94,42,48,56
25,Levente,94,Masculine,100,81,100,50
63,Marcell,76,Masculine,74,63,82,71
17,Botond,83,Masculine,100,17,83,83
31,Zsombor,69,Masculine,81,50,69,88
53,Benedek,71,Masculine,97,65,59,62
39,Attila,86,Masculine,83,75,33,87
61,Patrik,61,Masculine,83,35,48,72
48,Zsolt,76,Masculine,96,74,52,89
33,Hunor,100,Masculine,100,33,100,100
29,Csaba,55,Masculine,77,32,73,43
54,Ferenc,91,Masculine,91,70,48,77
53,Norbert,85,Masculine,98,85,67,75
30,Szabolcs,75,Masculine,90,45,65,50
29,Soma,86,Masculine,64,43,21,86
42,Brendon,40,Masculine,96,35,62,82
27,Gergely,62,Masculine,92,62,46,65
38,Tibor,78,Masculine,100,44,66,78
41,Vilmos,88,Masculine,100,74,53,65
44,Imre,71,Masculine,68,71,62,71
54,Lajos,88,Masculine,100,71,50,63
41,Bertalan,73,Masculine,95,36,73,73
23,Gyula,83,Masculine,67,70,33,60
31,Vencel,59,Masculine,91,69,72,63
45,Zsigmond,85,Masculine,100,85,45,70
31,Fanni,54,Feminine,6,22,74,38
17,Lilla,44,Feminine,0,11,61,22
36,Csenge,64,Feminine,33,47,42,53
40,Eszter,79,Feminine,12,79,48,73
46,Liza,59,Feminine,3,37,61,69
56,Bianka,61,Feminine,2,27,77,32
52,Dorka,50,Feminine,12,43,48,69
71,Natasa,75,Feminine,7,43,79,50
25,Panna,63,Feminine,0,25,75,50
74,Rebeka,61,Feminine,0,65,63,72
39,Kamilla,48,Feminine,4,28,65,39
50,Janka,75,Feminine,25,25,38,63
42,Blanka,65,Feminine,6,29,77,46
50,Szonja,21,Feminine,0,14,50,50
42,Fruzsina,58,Feminine,17,46,58,38
62,Kinga,38,Feminine,22,32,62,77
42,Norina,65,Feminine,0,58,65,27
31,Hanga,56,Feminine,0,63,38,69
38,Tamara,49,Feminine,2,46,72,61
33,Mirella,26,Feminine,1,27,81,35
35,Emese,79,Feminine,13,67,81,56
50,Veronika,68,Feminine,2,51,75,53
50,Dorottya,78,Feminine,8,65,53,80
72,Nikolett,66,Feminine,16,41,72,53
52,Vanda,40,Feminine,10,69,57,55
50,Kata,27,Feminine,9,32,86,36
35,Kitti,8,Feminine,0,0,54,12
37,Adrienn,30,Feminine,22,54,70,57
30,Zorka,50,Feminine,20,60,0,100
81,Krisztina,50,Feminine,0,19,66,72
24,Fionn,81,Masculine,80,37,54,66
38,Darragh,66,Masculine,84,56,59,72
46,Rian,34,Masculine,49,30,56,64
50,Tadhg,73,Masculine,91,52,45,80
18,Senan,64,Masculine,93,54,64,89
22,Eoin,78,Masculine,85,64,53,84
24,Cathal,78,Masculine,91,64,56,77
25,Eoghan,72,Masculine,89,52,64,72
44,Ruairi,72,Masculine,50,39,44,78
39,Cormac,67,Masculine,95,50,61,83
0,Fiadh,75,Feminine,25,25,63,75
20,Caoimhe,62,Feminine,6,41,73,50
29,Clodagh,67,Feminine,12,33,70,66
32,Sadhbh,73,Feminine,25,38,71,73
22,Aoibheann,67,Feminine,16,48,60,52
29,Abbie,41,Feminine,1,17,59,37
26,Aisling,69,Feminine,8,36,71,46
30,Ailbhe,66,Masculine,13,44,68,57
46,Francesco,77,Masculine,95,62,71,84
43,Mattia,30,Masculine,67,17,57,53
66,Riccardo,80,Masculine,100,70,61,77
33,Tommaso,69,Masculine,100,50,60,81
55,Edoardo,52,Masculine,100,48,57,86
67,Federico,82,Masculine,98,78,65,83
58,Giuseppe,93,Masculine,96,81,61,85
64,Davide,73,Masculine,93,66,84,70
38,Samuele,63,Masculine,63,63,63,31
36,Pietro,82,Masculine,96,48,64,82
62,Filippo,82,Masculine,82,53,59,62
61,Emanuele,89,Masculine,81,56,81,33
72,Giulio,64,Masculine,100,33,53,81
44,Jacopo,70,Masculine,96,65,46,57
43,Giacomo,79,Masculine,96,56,67,74
43,Daniele,63,Masculine,46,37,52,46
41,Giorgio,80,Masculine,93,73,71,73
46,Luigi,64,Masculine,96,65,58,60
53,Stefano,83,Masculine,95,65,64,83
42,Domenico,81,Masculine,94,85,65,79
47,Raffaele,87,Masculine,74,58,76,39
55,Ettore,93,Masculine,88,78,55,83
39,Carlo,71,Masculine,95,57,58,76
64,Valerio,89,Masculine,91,68,59,64
54,Pasquale,89,Masculine,86,86,82,54
50,Sebastiano,83,Masculine,100,92,67,100
42,Vittorio,83,Masculine,97,75,86,100
61,Massimo,66,Masculine,95,64,75,80
65,Cesare,74,Masculine,85,70,63,72
45,Gregorio,86,Masculine,100,95,45,91
84,Enrico,68,Masculine,100,55,55,77
59,Carmine,70,Masculine,68,65,60,64
65,Mirko,41,Masculine,91,33,37,69
46,Damiano,54,Masculine,100,50,54,93
50,Martino,43,Masculine,97,53,27,73
68,Ludovico,93,Masculine,93,89,79,75
48,Antonino,69,Masculine,92,71,50,77
50,Claudio,76,Masculine,89,72,73,82
55,Ciro,80,Masculine,90,65,85,80
52,Gaetano,90,Masculine,95,97,78,88
50,Brando,88,Masculine,100,38,63,75
68,Gennaro,74,Masculine,97,82,32,94
38,Adriano,68,Masculine,91,64,56,79
82,Gianmarco,74,Masculine,100,61,47,89
55,Zeno,66,Masculine,89,53,59,78
44,Vito,68,Masculine,95,59,63,77
56,Cosimo,84,Masculine,94,63,69,59
80,Umberto,87,Masculine,90,73,47,77
47,Michelangelo,79,Masculine,97,63,72,63
51,Rosario,54,Masculine,31,51,63,63
53,Giordano,70,Masculine,97,77,60,83
58,Massimiliano,73,Masculine,100,69,85,62
69,Maurizio,57,Masculine,98,57,62,81
45,Fabrizio,69,Masculine,93,60,55,64
59,Marcello,91,Masculine,97,80,77,75
39,Biagio,89,Masculine,100,78,44,89
57,Danilo,63,Masculine,94,52,52,64
59,Lucio,76,Masculine,88,41,53,68
57,Guido,78,Masculine,97,63,31,87
61,Donato,88,Masculine,94,65,56,79
67,Guglielmo,74,Masculine,93,74,46,80
55,Saverio,82,Masculine,100,73,77,64
38,Nizar,58,Masculine,85,46,62,81
63,Tiziano,67,Masculine,100,56,60,73
52,Amedeo,83,Masculine,100,67,64,67
75,Ferdinando,55,Masculine,90,50,40,55
50,Mattias,73,Masculine,83,57,77,83
36,Ginevra,84,Feminine,4,57,82,57
35,Giorgia,79,Feminine,4,52,75,48
42,Martina,55,Feminine,6,41,73,64
53,Ludovica,75,Feminine,19,78,58,69
22,Gaia,64,Feminine,5,53,76,58
46,Matilde,89,Feminine,3,77,66,59
60,Vittoria,85,Feminine,5,75,93,58
30,Viola,82,Feminine,1,62,86,39
36,Giada,45,Feminine,6,41,74,49
50,Gioia,62,Feminine,9,28,78,36
32,Carlotta,71,Feminine,3,63,68,74
59,Eleonora,85,Feminine,2,73,86,74
22,Margherita,84,Feminine,1,74,86,69
50,Benedetta,80,Feminine,4,65,67,61
27,Caterina,82,Feminine,3,38,89,56
44,Azzurra,58,Feminine,3,41,65,64
44,Rachele,46,Feminine,8,42,65,48
53,Ilaria,43,Feminine,5,38,79,53
44,Ambra,42,Feminine,10,35,54,65
0,Diletta,100,Feminine,0,67,83,0
72,Sveva,67,Feminine,11,56,44,83
79,Federica,55,Feminine,3,55,82,39
80,Cloe,50,Feminine,0,20,100,20
51,Lavinia,75,Feminine,2,59,78,40
60,Letizia,85,Feminine,0,40,73,75
49,Agata,74,Feminine,3,67,62,63
54,Flavia,76,Feminine,3,50,74,47
48,Agnese,74,Feminine,2,76,57,60
34,Maddalena,56,Feminine,3,51,69,51
38,Elisabetta,90,Feminine,3,67,83,54
26,Michela,60,Feminine,5,21,48,34
53,Lucrezia,87,Feminine,3,79,85,78
31,Silvia,78,Feminine,2,66,82,55
37,Ester,84,Feminine,24,78,63,76
29,Roberta,79,Feminine,9,71,72,83
39,Denise,74,Feminine,6,57,74,52
32,Cristina,59,Feminine,1,51,83,49
32,Marika,52,Feminine,5,40,68,61
33,Sharon,73,Feminine,9,72,64,69
44,Carola,50,Feminine,0,60,56,60
45,Allegra,67,Feminine,4,46,81,55
56,Marisol,48,Feminine,35,62,51,33
27,Emanuela,33,Feminine,2,17,91,23
19,Annalisa,60,Feminine,3,43,84,43
52,Dafne,59,Feminine,4,33,72,41
47,Elettra,50,Feminine,3,33,80,80
55,Simona,48,Feminine,3,44,78,68
30,Stefania,66,Feminine,4,59,85,42
25,Olimpia,69,Feminine,10,77,83,67
58,Adriana,66,Feminine,3,55,77,69
44,Rossella,67,Feminine,0,67,61,61
45,Clelia,83,Feminine,5,57,90,50
14,Annamaria,78,Feminine,6,44,83,33
47,Lidia,77,Feminine,1,47,81,54
42,Raffaella,75,Feminine,5,67,70,55
38,Matas,71,Masculine,92,67,42,75
0,Dominykas,80,Masculine,80,40,80,80
68,Nojus,64,Masculine,100,68,32,77
56,Benas,44,Masculine,100,38,56,69
64,Herkus,68,Masculine,100,95,27,91
75,Gabrielius,100,Masculine,88,75,75,75
40,Adomas,80,Masculine,100,60,40,80
50,Augustas,78,Masculine,83,78,39,78
44,Danielius,94,Masculine,89,56,61,72
67,Kristupas,67,Masculine,100,33,67,100
32,Emilija,54,Feminine,2,50,81,51
30,Sofija,80,Feminine,0,50,80,48
22,Gabija,72,Feminine,11,33,72,56
25,Ieva,80,Feminine,0,25,70,35
67,Kotryna,58,Feminine,4,21,63,63
54,Bram,76,Masculine,94,73,57,87
47,Luuk,45,Masculine,79,24,50,82
42,Jesse,56,Masculine,81,37,48,73
56,Mees,56,Masculine,56,39,50,50
19,Thijs,50,Masculine,96,42,46,73
63,Dex,50,Masculine,100,50,25,100
61,Gijs,68,Masculine,86,39,39,50
25,Siem,100,Masculine,75,63,75,38
63,Teun,63,Masculine,50,50,50,63
39,Sven,76,Masculine,97,60,45,83
43,Stijn,43,Masculine,96,54,50,89
44,Boaz,78,Masculine,92,76,32,90
50,Guus,100,Masculine,100,67,17,100
39,Floris,69,Masculine,58,53,75,50
43,Jens,59,Masculine,87,56,68,64
50,Fedde,80,Masculine,60,50,40,60
67,Tygo,67,Masculine,100,67,0,100
90,Cas,50,Masculine,70,20,40,100
42,Pim,42,Masculine,69,23,65,46
56,Ties,25,Masculine,94,6,31,75
54,Willem,88,Masculine,95,75,80,78
31,Job,83,Masculine,96,79,41,81
63,Joep,31,Masculine,94,38,31,56
46,Morris,79,Masculine,94,79,76,85
38,Pepijn,50,Masculine,82,29,47,50
40,Boris,86,Masculine,94,82,38,86
32,Roan,50,Masculine,68,50,35,76
60,Mick,35,Masculine,84,36,21,77
38,Niek,63,Masculine,63,13,38,50
35,Melle,50,Masculine,10,25,90,40
40,Pieter,67,Masculine,87,57,33,67
50,Stef,63,Masculine,75,38,50,25
50,Jelle,40,Masculine,53,27,53,50
58,Thijmen,58,Masculine,100,50,50,83
67,Sepp,58,Masculine,96,50,29,92
57,Cornelis,86,Masculine,86,71,79,36
75,Bas,50,Masculine,75,15,30,70
53,Koen,52,Masculine,92,66,50,82
56,Jim,60,Masculine,86,46,32,67
35,Hendrik,78,Masculine,98,79,65,87
0,Rens,50,Masculine,67,33,33,67
51,Daley,37,Masculine,61,30,54,50
58,Ravi,49,Masculine,88,37,67,76
54,Quinten,50,Masculine,90,34,58,64
54,Jesper,59,Masculine,96,54,55,59
54,Brent,48,Masculine,96,63,37,86
44,Raf,56,Masculine,89,22,22,78
41,Laurens,73,Masculine,73,45,64,55
46,Nick,37,Masculine,77,33,45,73
39,Valentijn,73,Masculine,91,70,77,77
61,Lex,34,Masculine,59,43,57,72
52,Dirk,57,Masculine,96,57,30,80
61,Faas,82,Masculine,84,73,57,73
63,Gerrit,63,Masculine,91,53,41,81
46,Kees,48,Masculine,76,30,42,82
50,Mert,50,Masculine,75,63,63,75
50,Jari,50,Masculine,79,38,42,75
17,Matthijs,67,Masculine,100,67,100,100
45,Sebastiaan,73,Masculine,90,68,73,68
35,Aras,48,Masculine,85,59,50,89
39,Olaf,88,Masculine,93,66,32,80
21,Wessel,71,Masculine,86,29,43,50
32,Wouter,70,Masculine,96,72,38,84
48,Amin,78,Masculine,91,67,54,70
18,Lasse,40,Masculine,68,26,58,62
52,Thom,54,Masculine,100,67,54,80
66,Bart,57,Masculine,88,33,19,70
17,Marinus,90,Masculine,88,81,78,91
13,Davey,40,Masculine,100,30,68,73
67,Maurits,58,Masculine,92,75,58,75
31,Sten,78,Masculine,91,47,28,94
50,Maarten,83,Masculine,93,80,67,73
39,Dave,49,Masculine,93,45,49,78
45,Davy,61,Masculine,96,29,45,66
33,Marijn,46,Masculine,50,58,50,58
42,Rick,48,Masculine,96,61,31,85
58,Jacobus,89,Masculine,95,82,58,92
37,Joost,66,Masculine,95,58,39,82
38,Huub,75,Masculine,100,56,63,94
21,Ivar,90,Masculine,90,73,54,90
29,Sverre,77,Masculine,94,56,35,88
54,Dion,50,Masculine,72,48,56,72
25,Sjoerd,75,Masculine,93,64,18,82
54,Kaan,71,Masculine,92,42,63,100
55,Mehmet,88,Masculine,98,76,62,86
55,Ahmet,63,Masculine,92,74,39,63
57,Lux,38,Masculine,43,42,62,77
37,Pelle,80,Masculine,47,30,57,40
28,Christiaan,69,Masculine,94,56,81,83
29,Klaas,75,Masculine,88,75,38,67
23,Juda,70,Masculine,67,50,53,93
35,Quin,46,Masculine,70,52,65,76
46,Bob,59,Masculine,82,50,31,62
34,Maas,66,Masculine,94,44,66,78
49,Mitch,34,Masculine,92,35,30,67
47,Sander,68,Masculine,81,29,56,73
60,Yves,77,Masculine,68,71,80,47
66,Tycho,59,Masculine,95,47,45,88
50,Arda,70,Masculine,20,50,30,90
59,Len,71,Masculine,91,35,53,68
69,Toon,42,Masculine,65,12,31,58
54,Bastiaan,75,Masculine,96,79,71,75
41,Ole,78,Masculine,91,45,33,88
83,Juul,17,Masculine,67,33,8,50
50,Adriaan,72,Masculine,92,64,46,70
60,Yasin,70,Masculine,80,30,40,80
38,Evert,92,Masculine,100,58,50,79
42,Rayen,36,Feminine,32,34,57,62
65,Sjors,55,Masculine,90,50,15,65
57,Reza,57,Masculine,79,57,54,96
60,Teunis,60,Masculine,85,55,45,65
38,Wes,58,Masculine,95,45,45,85
45,Menno,70,Masculine,90,25,35,70
62,Philippe,82,Masculine,91,64,86,68
70,Yannick,43,Masculine,84,41,45,71
39,Davi,51,Masculine,85,32,61,69
57,Delano,73,Masculine,95,57,73,84
33,Roel,56,Masculine,94,56,39,83
39,Boyd,71,Masculine,98,57,62,86
80,Jeppe,35,Masculine,85,15,35,80
13,Evi,38,Feminine,25,25,75,38
25,Lynn,65,Masculine,16,62,76,57
13,Lieke,25,Feminine,0,0,50,63
26,Roos,41,Feminine,32,32,41,59
31,Elin,52,Feminine,22,58,57,38
50,Jasmijn,25,Feminine,0,25,80,25
27,Sanne,39,Feminine,20,39,77,59
33,Femke,65,Feminine,7,35,76,33
53,Liz,37,Feminine,8,30,53,62
45,Feline,41,Feminine,0,36,64,86
45,Lizzy,35,Feminine,6,17,45,66
25,Jill,71,Feminine,4,29,65,66
32,Puck,61,Masculine,79,10,24,74
39,Floor,66,Masculine,38,55,45,52
49,Kiki,22,Feminine,7,9,58,34
21,Fay,60,Feminine,9,35,75,42
54,Nikki,21,Feminine,15,18,52,57
35,Pip,48,Masculine,63,14,52,46
22,Bente,66,Feminine,28,31,59,50
48,Indy,27,Masculine,55,16,56,64
32,Mirthe,75,Feminine,18,75,64,75
36,Marit,73,Feminine,8,40,69,59
35,Sterre,30,Feminine,10,45,85,75
36,Lieve,50,Feminine,29,36,64,71
55,Nienke,23,Feminine,5,0,59,55
71,Jet,21,Feminine,75,29,46,82
25,Ilse,76,Feminine,8,56,78,54
53,Mare,67,Feminine,27,63,57,67
32,Bobbi,42,Feminine,16,22,60,71
34,Myrthe,84,Feminine,13,66,66,44
40,Nine,70,Feminine,30,40,55,65
56,Jackie,40,Masculine,27,25,52,76
75,Maartje,88,Feminine,46,71,46,71
35,Marly,39,Feminine,39,28,56,41
37,Merle,61,Masculine,40,56,54,66
21,Mette,43,Feminine,6,35,62,47
25,Noortje,63,Feminine,25,63,25,25
28,Silke,46,Feminine,2,32,76,46
34,Cornelia,82,Feminine,4,67,84,64
43,Meike,50,Feminine,25,23,66,61
34,Britt,52,Feminine,23,59,73,75
8,Madelief,58,Feminine,0,25,54,33
43,Lisanne,55,Feminine,7,52,69,38
8,Linn,63,Feminine,15,33,78,43
52,Sammie,38,Masculine,32,16,50,46
50,Diede,33,Masculine,0,0,17,67
34,Ziva,38,Feminine,1,55,56,80
50,Eef,33,Masculine,33,50,83,50
37,Doris,83,Feminine,12,80,55,73
49,Nadine,60,Feminine,3,46,70,54
46,Thirza,54,Feminine,17,83,54,75
67,Febe,50,Feminine,8,17,42,33
40,Hendrika,80,Feminine,0,80,40,60
8,Flore,100,Feminine,8,83,67,25
65,Catharina,85,Feminine,6,76,94,65
47,Jacoba,56,Feminine,21,59,47,76
70,Jette,60,Feminine,20,20,30,80
50,Evelien,67,Feminine,33,67,83,17
40,Nena,31,Feminine,4,19,69,40
30,Nila,44,Feminine,9,38,59,50
43,Wilhelmina,91,Feminine,5,76,79,73
29,Laure,76,Feminine,10,55,76,50
32,Melisa,33,Feminine,2,17,80,26
21,Florine,68,Feminine,0,32,68,21
50,Loes,45,Feminine,35,55,50,80
14,Esra,64,Feminine,0,64,57,64
36,Bobbie,49,Masculine,39,24,37,67
52,Gigi,37,Feminine,14,20,73,31
61,Maaike,48,Feminine,34,39,45,65
24,Imke,60,Feminine,36,29,76,76
48,Babette,69,Feminine,4,35,57,33
49,Jess,37,Masculine,46,26,49,72
67,Luus,17,Feminine,50,50,33,50
46,Willemijn,85,Feminine,19,77,69,73
66,Coco,25,Feminine,8,16,63,40
58,Jacky,58,Masculine,58,33,50,67
43,Kris,41,Masculine,57,37,60,72
46,Liselot,50,Feminine,29,38,67,50
25,Liselotte,71,Feminine,0,48,75,38
46,Mayra,46,Feminine,5,48,68,66
41,Amani,66,Masculine,22,44,73,50
50,Eefje,17,Feminine,0,17,67,17
22,Sanna,57,Feminine,0,27,72,57
40,Vere,57,Masculine,67,70,53,70
53,Larissa,56,Feminine,2,36,80,36
31,Laurie,61,Masculine,27,32,73,53
23,Lotus,55,Feminine,15,43,75,51
41,Celina,64,Feminine,5,52,78,35
23,Dunya,80,Feminine,10,40,50,70
25,Ronja,46,Feminine,6,22,48,77
23,Amaia,53,Feminine,4,40,81,45
43,Rory,50,Masculine,70,29,43,70
33,Shea,45,Masculine,43,33,71,56
26,Conan,85,Masculine,93,63,43,88
34,Tiernan,64,Masculine,86,52,73,86
16,Eimear,75,Feminine,13,34,66,75
38,Farrah,66,Feminine,3,43,67,54
45,Olav,80,Masculine,86,66,64,75
63,Ulrik,84,Masculine,98,75,30,86
38,Even,84,Masculine,84,69,72,69
58,Herman,68,Masculine,97,66,61,79
45,Ludvig,78,Masculine,98,78,80,70
41,Fredrik,82,Masculine,94,68,44,85
68,Gustav,77,Masculine,96,62,67,78
34,Leander,81,Masculine,88,65,72,74
76,Edvard,76,Masculine,95,71,67,83
43,Linus,84,Masculine,94,52,83,60
37,Edvin,80,Masculine,87,70,77,73
50,Eirik,77,Masculine,100,53,47,80
50,Ludvik,92,Masculine,75,75,67,58
50,Emilian,73,Masculine,77,73,81,50
26,Amalie,57,Feminine,6,44,74,50
50,Hedda,84,Feminine,16,79,55,87
5,Tuva,80,Feminine,0,10,60,65
50,Oda,63,Feminine,0,75,75,50
22,Ylva,69,Feminine,4,53,51,64
39,Sigrid,76,Feminine,10,60,73,76
29,Ellinor,88,Feminine,0,67,92,63
23,Signe,76,Feminine,9,50,76,58
58,Pernille,74,Feminine,5,55,79,32
33,Johanne,80,Feminine,52,68,43,75
36,Sonja,59,Feminine,5,51,69,65
27,Solveig,76,Feminine,10,55,68,72
25,Malin,66,Feminine,23,32,75,55
54,Martine,83,Feminine,12,73,77,75
10,Vilja,70,Feminine,0,20,50,30
15,Sunniva,72,Feminine,3,49,77,68
55,Hermine,83,Feminine,15,80,78,53
31,Ingeborg,90,Feminine,17,83,52,77
52,Leonora,78,Feminine,5,66,91,71
38,Helene,80,Feminine,4,64,82,35
17,Hennie,57,Masculine,13,37,40,67
38,Lykke,33,Feminine,27,22,68,40
63,Synne,13,Feminine,0,25,38,63
37,Wojciech,91,Masculine,92,82,62,88
38,Piotr,90,Masculine,90,80,73,83
43,Mateusz,89,Masculine,91,80,70,84
57,Bartosz,68,Masculine,95,55,45,68
57,Ignacy,93,Masculine,64,64,79,71
75,Tymoteusz,69,Masculine,100,81,56,88
40,Tomasz,85,Masculine,98,70,60,88
42,Karol,75,Masculine,67,56,63,65
50,Krzysztof,85,Masculine,98,79,69,94
31,Maciej,69,Masculine,98,67,38,85
42,Hubert,84,Masculine,96,81,72,72
44,Patryk,62,Masculine,88,29,56,68
71,Ksawery,44,Masculine,68,50,41,62
50,Krystian,50,Masculine,65,62,73,65
69,Borys,69,Masculine,100,75,25,94
38,Kajetan,53,Masculine,80,43,50,83
47,Kuba,41,Masculine,88,24,38,74
50,Artur,78,Masculine,95,85,64,72
50,Grzegorz,71,Masculine,100,54,18,93
36,Marcin,75,Masculine,68,70,39,77
75,Cezary,75,Masculine,100,100,50,63
39,Tadeusz,75,Masculine,89,72,56,81
50,Tobiasz,69,Masculine,94,75,38,75
41,Witold,85,Masculine,91,91,53,85
47,Kornel,59,Masculine,82,74,38,53
31,Mieszko,92,Masculine,100,65,46,92
67,Jerzy,64,Masculine,95,48,21,79
46,Henryk,100,Masculine,100,92,79,92
70,Nataniel,100,Masculine,100,50,80,80
42,Marek,68,Masculine,92,57,57,82
64,Kazimierz,91,Masculine,91,91,59,91
50,Gustaw,94,Masculine,94,81,25,94
38,Gracjan,81,Masculine,50,31,63,25
65,Ryszard,53,Masculine,88,62,47,76
67,Konstanty,100,Masculine,83,75,33,83
59,Andrzej,61,Masculine,89,66,55,77
50,Aleks,30,Masculine,73,20,40,70
65,Arkadiusz,72,Masculine,98,72,30,80
55,Teodor,84,Masculine,97,69,78,59
79,Juliusz,86,Masculine,89,75,43,64
75,Iwo,40,Masculine,90,60,45,40
56,Jacek,58,Masculine,94,33,42,73
32,Iga,71,Feminine,11,50,61,75
48,Marcelina,83,Feminine,3,60,76,48
27,Michalina,77,Feminine,5,41,77,36
55,Kornelia,70,Feminine,10,60,65,65
62,Martyna,25,Feminine,4,23,67,79
25,Jagoda,21,Feminine,25,21,61,61
46,Karolina,70,Feminine,3,55,78,65
32,Weronika,72,Feminine,6,54,66,46
62,Anastazja,79,Feminine,3,62,71,47
33,Nela,33,Feminine,0,0,67,0
60,Izabela,55,Feminine,3,42,76,50
53,Matylda,66,Feminine,16,61,53,79
33,Katarzyna,85,Feminine,3,74,67,68
31,Aniela,55,Feminine,2,49,78,42
46,Klaudia,73,Feminine,4,35,67,62
23,Ewa,72,Feminine,8,45,68,38
39,Patrycja,55,Feminine,9,41,80,61
44,Dominika,61,Feminine,5,32,76,39
31,Kalina,45,Feminine,2,41,78,46
53,Urszula,79,Feminine,12,76,65,82
13,Rozalia,75,Feminine,0,63,75,13
43,Olga,89,Feminine,9,81,48,85
72,Melania,28,Feminine,48,26,39,18
32,Malwina,61,Feminine,11,39,64,36
21,Dorota,81,Feminine,3,60,55,57
56,Roksana,69,Feminine,11,58,53,81
62,Jowita,62,Feminine,4,46,50,42
41,Inga,68,Feminine,12,45,61,58
26,Agnieszka,77,Feminine,3,46,71,55
52,Zoja,56,Feminine,2,42,60,56
38,Apolonia,75,Feminine,0,65,88,52
48,Luiza,67,Feminine,3,38,69,34
42,Monika,69,Feminine,3,49,67,63
41,Justyna,50,Feminine,4,43,63,59
62,Natasza,50,Feminine,8,42,69,54
31,Jagna,69,Feminine,13,34,44,41
38,Jadwiga,81,Feminine,25,53,50,81
45,Julita,48,Feminine,0,20,68,55
55,Afonso,74,Masculine,100,62,57,69
38,Martim,25,Masculine,100,25,88,50
50,Duarte,71,Masculine,92,38,58,83
50,Dinis,77,Masculine,86,55,68,64
58,Guilherme,48,Masculine,88,42,66,80
63,Diogo,44,Masculine,94,21,52,77
40,Mateus,76,Masculine,98,69,74,86
52,Henrique,91,Masculine,77,64,77,64
41,Vasco,75,Masculine,98,83,45,88
56,Bernardo,74,Masculine,100,70,45,86
64,Filipe,68,Masculine,89,50,75,61
58,Frederico,75,Masculine,94,44,22,86
63,Nuno,43,Masculine,86,43,70,66
37,Benjamim,50,Masculine,78,41,41,52
51,Rui,56,Masculine,89,46,60,78
43,Joaquim,67,Masculine,93,67,43,73
63,Paulo,60,Masculine,99,67,46,79
60,Renato,50,Masculine,96,40,78,70
50,Matheus,70,Masculine,100,58,78,78
40,Gaspar,90,Masculine,96,79,52,83
32,Leonor,84,Feminine,14,80,73,76
55,Beatriz,77,Feminine,7,65,73,57
60,Francisca,82,Feminine,0,63,72,51
31,Margarida,73,Feminine,4,50,52,38
60,Benedita,80,Feminine,20,70,40,80
31,Madalena,73,Feminine,8,50,74,50
38,Joana,56,Feminine,3,46,73,64
63,Mafalda,71,Feminine,4,54,48,52
36,Luana,31,Feminine,2,29,73,32
58,Carlota,82,Feminine,3,38,62,57
28,Catarina,65,Feminine,2,51,79,51
35,Rafaela,83,Feminine,3,44,74,59
22,Iara,67,Feminine,11,22,56,56
43,Bruna,45,Feminine,7,57,32,61
55,Filipa,76,Feminine,5,39,84,61
52,Pilar,77,Feminine,9,63,61,79
35,Naiara,50,Feminine,19,38,77,62
40,Isis,65,Feminine,9,53,68,69
41,Frederica,74,Feminine,4,64,59,73
63,Eduarda,67,Feminine,17,63,58,58
36,Safira,50,Feminine,3,50,73,44
61,Fabiana,63,Feminine,0,42,78,41
43,Arran,41,Masculine,93,32,45,79
30,Ruaridh,80,Masculine,87,57,60,87
47,Murray,60,Masculine,88,60,38,80
16,Innes,82,Masculine,59,70,59,77
38,Calum,60,Masculine,95,47,53,82
31,Eilidh,60,Feminine,6,29,75,54
40,Nik,40,Masculine,100,40,50,60
25,Jaka,25,Masculine,79,17,33,63
38,Lovro,63,Masculine,100,38,50,81
33,Vid,25,Masculine,67,17,33,92
68,Nejc,50,Masculine,77,55,50,55
44,Lan,56,Masculine,44,40,62,68
28,Miha,44,Masculine,33,44,78,39
33,Anej,50,Masculine,100,50,67,33
92,Maj,17,Masculine,67,17,50,83
32,Matija,50,Masculine,62,34,74,58
63,Val,45,Masculine,30,44,63,63
100,Matic,60,Masculine,100,30,30,70
33,Bor,50,Masculine,92,42,75,50
33,Aleksej,33,Masculine,100,33,33,67
90,Urban,50,Masculine,91,49,41,84
69,Rok,23,Masculine,92,42,31,85
80,Nace,55,Masculine,80,40,20,90
64,Jure,32,Masculine,93,21,68,68
57,Teo,52,Masculine,90,29,64,76
29,Domen,71,Masculine,100,50,71,79
63,Lenart,88,Masculine,100,100,75,75
48,Taj,40,Masculine,88,31,40,69
21,Timotej,71,Masculine,71,50,57,50
48,Alen,60,Masculine,81,55,67,48
61,Jurij,50,Masculine,83,56,39,67
56,Brin,41,Masculine,41,35,50,65
79,Tadej,64,Masculine,86,50,57,71
57,Tai,34,Masculine,53,33,66,82
42,Kristjan,46,Masculine,81,38,46,92
32,Zala,62,Feminine,8,28,60,50
36,Julija,71,Feminine,4,36,64,29
62,Vita,71,Feminine,2,53,62,69
67,Ula,33,Feminine,11,28,67,44
61,Iza,22,Feminine,0,39,61,61
17,Neja,33,Feminine,17,17,67,17
73,Viktorija,59,Feminine,0,73,55,91
57,Evelin,36,Feminine,0,36,79,29
28,Katarina,68,Feminine,2,54,78,56
38,Pika,18,Masculine,24,15,59,56
31,Anja,54,Feminine,5,42,75,49
38,Larisa,62,Feminine,3,32,83,41
47,Teja,41,Feminine,29,29,79,74
47,Meta,50,Feminine,4,54,70,71
44,Ivana,55,Feminine,3,47,75,54
30,Stela,65,Feminine,3,33,75,43
39,Ina,59,Feminine,4,41,75,40
31,Nikolina,69,Feminine,6,39,63,46
31,Karin,59,Feminine,3,48,75,61
45,Gonzalo,75,Masculine,90,61,50,86
54,Aitor,65,Masculine,96,62,44,79
27,Pau,46,Masculine,69,38,42,54
64,Julen,50,Masculine,79,71,93,86
33,Unai,42,Masculine,75,33,58,67
43,Pol,86,Masculine,79,36,43,79
50,Asier,50,Masculine,100,38,63,50
69,Aleix,31,Masculine,77,23,46,65
35,Arnau,54,Masculine,92,46,54,81
27,Laia,46,Feminine,3,32,81,29
49,Vega,51,Feminine,23,48,65,80
50,Candela,63,Feminine,0,58,63,88
32,Ariadna,64,Feminine,1,38,80,43
55,Manuela,48,Feminine,5,39,72,51
38,Blanca,60,Feminine,8,44,74,58
26,Ainhoa,52,Feminine,10,47,74,67
27,Nerea,34,Feminine,7,23,82,59
33,Gala,80,Feminine,10,53,80,40
22,Iria,67,Feminine,0,33,83,33
38,Cayetana,88,Feminine,0,63,88,88
32,Nuria,73,Feminine,14,27,86,57
17,Naia,42,Feminine,0,0,75,50
36,Berta,75,Feminine,9,70,27,79
51,Adara,65,Feminine,5,56,78,55
36,Nahia,36,Feminine,11,32,64,39
29,Arvid,83,Masculine,100,77,33,85
28,Olle,72,Masculine,78,56,67,39
96,Sixten,54,Masculine,85,58,69,77
20,Ebbe,58,Masculine,45,50,60,68
29,Vidar,81,Masculine,95,69,27,80
53,Malte,47,Masculine,85,41,50,76
50,Loke,88,Masculine,96,54,46,96
85,Elton,77,Masculine,96,55,82,77
70,Valter,72,Masculine,96,80,59,89
57,Sigge,36,Masculine,71,36,43,64
57,Frans,80,Masculine,83,80,67,77
55,Milton,68,Masculine,95,77,73,78
25,Hjalmar,70,Masculine,98,73,52,98
67,Ludwig,77,Masculine,97,67,71,75
30,Wilmer,93,Masculine,90,73,53,73
38,Elvin,69,Masculine,89,63,64,64
10,Folke,90,Masculine,90,90,50,90
28,Wilma,75,Feminine,1,61,61,62
65,Elvira,75,Feminine,3,71,74,76
43,Felicia,60,Feminine,2,40,78,40
41,Tyra,46,Feminine,2,52,66,55
21,Majken,59,Feminine,24,21,65,50
31,Stina,31,Feminine,7,36,55,40
29,Moa,40,Feminine,5,31,40,64
30,Sally,75,Feminine,5,34,67,50
63,Lovisa,78,Feminine,0,61,89,39
51,Inez,66,Feminine,9,56,61,68
34,Siri,48,Feminine,5,41,73,52
45,Svea,74,Feminine,5,53,67,55
42,Tilde,100,Feminine,8,100,58,50
31,Hilda,82,Feminine,3,80,50,83
36,Filippa,61,Feminine,6,36,78,75
38,Hedvig,91,Feminine,25,72,59,94
50,My,21,Feminine,10,9,44,40
9,Idun,86,Feminine,16,14,75,73
8,Gian,67,Masculine,100,58,75,83
83,Nevio,50,Masculine,100,54,54,71
57,Jael,58,Feminine,17,53,64,69
27,Alea,36,Feminine,2,34,79,39
39,Noelia,51,Feminine,7,33,85,34
57,Berat,36,Masculine,86,57,43,64
60,Kerem,10,Masculine,95,20,70,75
50,Umut,8,Masculine,67,17,25,67
48,Burak,38,Masculine,100,40,73,90
50,Yakup,67,Masculine,100,50,33,83
37,Eren,29,Masculine,78,29,51,74
70,Egemen,50,Masculine,100,60,30,80
58,Emre,54,Masculine,83,54,83,67
65,Osman,83,Masculine,93,70,46,78
67,Doruk,61,Masculine,89,61,61,78
78,Murat,67,Masculine,89,44,44,83
61,Erdem,6,Masculine,94,61,44,78
38,Onur,58,Masculine,88,65,54,73
29,Miran,54,Masculine,50,79,57,79
24,Fatma,90,Feminine,5,38,67,57
44,Merve,94,Feminine,56,44,44,75
36,Damla,55,Feminine,0,59,55,59
41,Ece,48,Feminine,13,28,74,44
43,Beyza,86,Feminine,7,57,79,43
19,Bahar,48,Feminine,7,24,64,71
54,Ceren,28,Feminine,20,24,63,59
